sigma_exc,sigma_inh,g_exc,g_inh,center_error,pva_magnitude,circular_std,cwce,angular_Zscore,nmse,composite_error,error_message
0.05,0.1,0.875,-1.0,0.0,0.0,6.069708517540586,0.0,0.0,,,
0.05,0.1,0.875,-0.3,0.0,0.0,6.069708517540586,0.0,0.0,,,
0.05,0.1,0.5,-0.825,0.0,0.0,6.069708517540586,0.0,0.0,,,
0.05,0.1,0.5,-0.65,0.0,0.0,6.069708517540586,0.0,0.0,,,
0.05,0.1,0.625,-1.0,0.0,0.0,6.069708517540586,0.0,0.0,,,
0.05,0.1,0.75,-0.65,0.0,0.0,6.069708517540586,0.0,0.0,,,
0.05,0.1,0.625,-0.825,0.0,0.0,6.069708517540586,0.0,0.0,,,
0.05,0.1,0.875,-0.825,0.0,0.0,6.069708517540586,0.0,0.0,,,
0.05,0.1,0.75,-0.3,0.0,0.0,6.069708517540586,0.0,0.0,,,
0.05,0.1,1.0,-1.0,0.0,0.0,6.069708517540586,0.0,0.0,,,
0.05,0.1,0.625,-0.3,0.0,0.0,6.069708517540586,0.0,0.0,,,
0.05,0.1,0.5,-0.3,0.0,0.0,6.069708517540586,0.0,0.0,,,
0.05,0.1,0.75,-0.825,0.0,0.0,6.069708517540586,0.0,0.0,,,
0.05,0.1,0.75,-1.0,0.0,0.0,6.069708517540586,0.0,0.0,,,
0.05,0.1,0.625,-0.4750000000000001,0.0,0.0,6.069708517540586,0.0,0.0,,,
0.05,0.1,0.875,-0.4750000000000001,0.0,0.0,6.069708517540586,0.0,0.0,,,
0.05,0.1,0.5,-0.4750000000000001,0.0,0.0,6.069708517540586,0.0,0.0,,,
0.05,0.1,0.875,-0.65,0.0,0.0,6.069708517540586,0.0,0.0,,,
0.05,0.1,1.0,-0.825,0.0,0.0,6.069708517540586,0.0,0.0,,,
0.05,0.1,0.75,-0.4750000000000001,0.0,0.0,6.069708517540586,0.0,0.0,,,
0.05,0.1,0.5,-1.0,0.0,0.0,6.069708517540586,0.0,0.0,,,
0.05,0.15,0.5,-1.0,0.0,0.0,6.069708517540586,0.0,0.0,,,
0.05,0.15,0.5,-0.65,0.0,0.0,6.069708517540586,0.0,0.0,,,
0.05,0.1,1.0,-0.3,0.0,0.0,6.069708517540586,0.0,0.0,,,
0.05,0.1,1.0,-0.65,0.0,0.0,6.069708517540586,0.0,0.0,,,
0.05,0.15,0.5,-0.825,0.0,0.0,6.069708517540586,0.0,0.0,,,
0.05,0.1,1.0,-0.4750000000000001,0.0,0.0,6.069708517540586,0.0,0.0,,,
0.05,0.15,0.625,-0.65,0.0,0.0,6.069708517540586,0.0,0.0,,,
0.05,0.15,0.5,-0.3,0.0,0.0,6.069708517540586,0.0,0.0,,,
0.05,0.15,0.5,-0.4750000000000001,0.0,0.0,6.069708517540586,0.0,0.0,,,
0.05,0.15,0.75,-1.0,0.0,0.0,6.069708517540586,0.0,0.0,,,
0.05,0.15,0.75,-0.65,0.0,0.0,6.069708517540586,0.0,0.0,,,
0.05,0.15,0.625,-0.825,0.0,0.0,6.069708517540586,0.0,0.0,,,
0.05,0.15,0.75,-0.825,0.0,0.0,6.069708517540586,0.0,0.0,,,
0.05,0.1,0.625,-0.65,0.0,0.0,6.069708517540586,0.0,0.0,,,
0.05,0.15,0.75,-0.4750000000000001,0.0,0.0,6.069708517540586,0.0,0.0,,,
0.05,0.15,0.625,-0.4750000000000001,0.0,0.0,6.069708517540586,0.0,0.0,,,
0.05,0.15,0.625,-0.3,0.0,0.0,6.069708517540586,0.0,0.0,,,
0.05,0.15,0.875,-1.0,0.0,0.0,6.069708517540586,0.0,0.0,,,
0.05,0.15,0.875,-0.825,0.0,0.0,6.069708517540586,0.0,0.0,,,
0.05,0.15,0.75,-0.3,0.0,0.0,6.069708517540586,0.0,0.0,,,
0.05,0.15,0.875,-0.4750000000000001,0.0,0.0,6.069708517540586,0.0,0.0,,,
0.05,0.15,0.875,-0.3,0.0,0.0,6.069708517540586,0.0,0.0,,,
0.05,0.15,0.875,-0.65,0.0,0.0,6.069708517540586,0.0,0.0,,,
0.05,0.15,1.0,-0.825,0.0,0.0,6.069708517540586,0.0,0.0,,,
0.05,0.15,0.625,-1.0,0.0,0.0,6.069708517540586,0.0,0.0,,,
0.05,0.15,1.0,-0.3,0.0,0.0,6.069708517540586,0.0,0.0,,,
0.05,0.2,0.5,-1.0,0.0,0.0,6.069708517540586,0.0,0.0,,,
0.05,0.15,1.0,-1.0,0.0,0.0,6.069708517540586,0.0,0.0,,,
0.05,0.15,1.0,-0.65,0.0,0.0,6.069708517540586,0.0,0.0,,,
0.05,0.2,0.5,-0.825,0.0,0.0,6.069708517540586,0.0,0.0,,,
0.05,0.2,0.5,-0.4750000000000001,0.0,0.0,6.069708517540586,0.0,0.0,,,
0.05,0.2,0.5,-0.3,0.0,0.0,6.069708517540586,0.0,0.0,,,
0.05,0.15,1.0,-0.4750000000000001,0.0,0.0,6.069708517540586,0.0,0.0,,,
0.05,0.2,0.625,-0.65,0.0,0.0,6.069708517540586,0.0,0.0,,,
0.05,0.2,0.625,-1.0,0.0,0.0,6.069708517540586,0.0,0.0,,,
0.05,0.2,0.625,-0.825,0.0,0.0,6.069708517540586,0.0,0.0,,,
0.05,0.2,0.75,-0.825,0.0,0.0,6.069708517540586,0.0,0.0,,,
0.05,0.2,0.75,-0.65,0.0,0.0,6.069708517540586,0.0,0.0,,,
0.05,0.2,0.75,-0.4750000000000001,0.0,0.0,6.069708517540586,0.0,0.0,,,
0.05,0.2,0.75,-0.3,0.0,0.0,6.069708517540586,0.0,0.0,,,
0.05,0.2,0.5,-0.65,0.0,0.0,6.069708517540586,0.0,0.0,,,
0.05,0.2,0.625,-0.3,0.0,0.0,6.069708517540586,0.0,0.0,,,
0.05,0.2,0.875,-0.4750000000000001,0.0,0.0,6.069708517540586,0.0,0.0,,,
0.05,0.2,0.875,-0.65,0.0,0.0,6.069708517540586,0.0,0.0,,,
0.05,0.2,0.875,-0.825,0.0,0.0,6.069708517540586,0.0,0.0,,,
0.05,0.2,0.625,-0.4750000000000001,0.0,0.0,6.069708517540586,0.0,0.0,,,
0.05,0.2,0.875,-0.3,0.0,0.0,6.069708517540586,0.0,0.0,,,
0.05,0.2,0.875,-1.0,0.0,0.0,6.069708517540586,0.0,0.0,,,
0.05,0.2,0.75,-1.0,0.0,0.0,6.069708517540586,0.0,0.0,,,
0.05,0.2,1.0,-1.0,0.0,0.0,6.069708517540586,0.0,0.0,,,
0.05,0.2,1.0,-0.825,0.0,0.0,6.069708517540586,0.0,0.0,,,
0.05,0.2,1.0,-0.65,0.0,0.0,6.069708517540586,0.0,0.0,,,
0.05,0.2,1.0,-0.4750000000000001,0.0,0.0,6.069708517540586,0.0,0.0,,,
0.05,0.2,1.0,-0.3,0.0,0.0,6.069708517540586,0.0,0.0,,,
0.05,0.25,0.5,-0.825,0.0,0.0,6.069708517540586,0.0,0.0,,,
0.05,0.25,0.5,-1.0,0.0,0.0,6.069708517540586,0.0,0.0,,,
0.05,0.25,0.625,-1.0,0.0,0.0,6.069708517540586,0.0,0.0,,,
0.05,0.25,0.5,-0.4750000000000001,0.0,0.0,6.069708517540586,0.0,0.0,,,
0.05,0.25,0.625,-0.65,0.0,0.0,6.069708517540586,0.0,0.0,,,
0.05,0.25,0.5,-0.65,0.0,0.0,6.069708517540586,0.0,0.0,,,
0.05,0.25,0.75,-1.0,0.0,0.0,6.069708517540586,0.0,0.0,,,
0.05,0.25,0.5,-0.3,0.0,0.0,6.069708517540586,0.0,0.0,,,
0.05,0.25,0.75,-0.825,0.0,0.0,6.069708517540586,0.0,0.0,,,
0.05,0.25,0.625,-0.825,0.0,0.0,6.069708517540586,0.0,0.0,,,
0.05,0.25,0.875,-1.0,0.0,0.0,6.069708517540586,0.0,0.0,,,
0.05,0.25,0.75,-0.65,0.0,0.0,6.069708517540586,0.0,0.0,,,
0.05,0.25,0.75,-0.3,0.0,0.0,6.069708517540586,0.0,0.0,,,
0.05,0.25,0.625,-0.3,0.0,0.0,6.069708517540586,0.0,0.0,,,
0.05,0.25,0.75,-0.4750000000000001,0.0,0.0,6.069708517540586,0.0,0.0,,,
0.05,0.25,0.875,-0.4750000000000001,0.0,0.0,6.069708517540586,0.0,0.0,,,
0.05,0.25,0.875,-0.65,0.0,0.0,6.069708517540586,0.0,0.0,,,
0.05,0.25,0.875,-0.3,0.0,0.0,6.069708517540586,0.0,0.0,,,
0.05,0.25,0.625,-0.4750000000000001,0.0,0.0,6.069708517540586,0.0,0.0,,,
0.05,0.25,1.0,-1.0,0.0,0.0,6.069708517540586,0.0,0.0,,,
0.05,0.25,1.0,-0.65,0.0,0.0,6.069708517540586,0.0,0.0,,,
0.05,0.25,1.0,-0.825,0.0,0.0,6.069708517540586,0.0,0.0,,,
0.05,0.3,0.5,-1.0,0.0,0.0,6.069708517540586,0.0,0.0,,,
0.05,0.25,0.875,-0.825,0.0,0.0,6.069708517540586,0.0,0.0,,,
0.05,0.25,1.0,-0.3,0.0,0.0,6.069708517540586,0.0,0.0,,,
0.05,0.3,0.5,-0.4750000000000001,0.0,0.0,6.069708517540586,0.0,0.0,,,
0.05,0.25,1.0,-0.4750000000000001,0.0,0.0,6.069708517540586,0.0,0.0,,,
0.05,0.3,0.5,-0.825,0.0,0.0,6.069708517540586,0.0,0.0,,,
0.05,0.3,0.625,-1.0,0.0,0.0,6.069708517540586,0.0,0.0,,,
0.05,0.3,0.625,-0.65,0.0,0.0,6.069708517540586,0.0,0.0,,,
0.05,0.3,0.5,-0.3,0.0,0.0,6.069708517540586,0.0,0.0,,,
0.05,0.3,0.5,-0.65,0.0,0.0,6.069708517540586,0.0,0.0,,,
0.05,0.3,0.625,-0.3,0.0,0.0,6.069708517540586,0.0,0.0,,,
0.05,0.3,0.625,-0.4750000000000001,0.0,0.0,6.069708517540586,0.0,0.0,,,
0.05,0.3,0.75,-0.65,0.0,0.0,6.069708517540586,0.0,0.0,,,
0.05,0.3,0.625,-0.825,0.0,0.0,6.069708517540586,0.0,0.0,,,
0.05,0.3,0.75,-1.0,0.0,0.0,6.069708517540586,0.0,0.0,,,
0.05,0.3,0.75,-0.4750000000000001,0.0,0.0,6.069708517540586,0.0,0.0,,,
0.05,0.3,0.75,-0.825,0.0,0.0,6.069708517540586,0.0,0.0,,,
0.05,0.3,0.75,-0.3,0.0,0.0,6.069708517540586,0.0,0.0,,,
0.05,0.3,0.875,-0.3,0.0,0.0,6.069708517540586,0.0,0.0,,,
0.05,0.3,0.875,-0.65,0.0,0.0,6.069708517540586,0.0,0.0,,,
0.05,0.3,0.875,-0.825,0.0,0.0,6.069708517540586,0.0,0.0,,,
0.05,0.3,1.0,-0.825,0.0,0.0,6.069708517540586,0.0,0.0,,,
0.05,0.3,1.0,-0.65,0.0,0.0,6.069708517540586,0.0,0.0,,,
0.08750000000000001,0.1,0.5,-1.0,0.0,0.0,6.069708517540586,0.0,0.0,,,
0.05,0.3,0.875,-0.4750000000000001,0.0,0.0,6.069708517540586,0.0,0.0,,,
0.08750000000000001,0.1,0.5,-0.825,0.0,0.0,6.069708517540586,0.0,0.0,,,
0.05,0.3,1.0,-0.4750000000000001,0.0,0.0,6.069708517540586,0.0,0.0,,,
0.05,0.3,1.0,-0.3,0.0,0.0,6.069708517540586,0.0,0.0,,,
0.08750000000000001,0.1,0.625,-0.825,0.0,0.0,6.069708517540586,0.0,0.0,,,
0.08750000000000001,0.1,0.5,-0.3,0.0,0.0,6.069708517540586,0.0,0.0,,,
0.08750000000000001,0.1,0.625,-1.0,0.0,0.0,6.069708517540586,0.0,0.0,,,
0.05,0.3,1.0,-1.0,0.0,0.0,6.069708517540586,0.0,0.0,,,
0.08750000000000001,0.1,0.5,-0.65,0.0,0.0,6.069708517540586,0.0,0.0,,,
0.05,0.3,0.875,-1.0,0.0,0.0,6.069708517540586,0.0,0.0,,,
0.08750000000000001,0.1,0.625,-0.65,0.0,0.0,6.069708517540586,0.0,0.0,,,
0.08750000000000001,0.1,0.625,-0.4750000000000001,0.0,0.0,6.069708517540586,0.0,0.0,,,
0.08750000000000001,0.1,0.625,-0.3,0.009528910296878364,0.9836380457408713,0.18164404271758594,0.009687415245134284,0.05245925026946022,0.3427409191210813,0.18476853418797298,
0.08750000000000001,0.1,0.5,-0.4750000000000001,0.0,0.0,6.069708517540586,0.0,0.0,,,
0.08750000000000001,0.1,0.75,-0.65,0.0,0.0,6.069708517540586,0.0,0.0,,,
0.08750000000000001,0.1,0.75,-0.825,0.0,0.0,6.069708517540586,0.0,0.0,,,
0.08750000000000001,0.1,0.75,-0.4750000000000001,0.0,0.0,6.069708517540586,0.0,0.0,,,
0.08750000000000001,0.1,0.75,-1.0,0.0,0.0,6.069708517540586,0.0,0.0,,,
0.08750000000000001,0.1,0.875,-1.0,0.0,0.0,6.069708517540586,0.0,0.0,,,
0.08750000000000001,0.1,0.75,-0.3,0.0030116550823814066,0.9710305140527825,0.24247628955086056,0.0031015040287422535,0.012420410622250543,0.19223171012254017,0.09953038839434288,
0.08750000000000001,0.1,0.875,-0.825,0.0,0.0,6.069708517540586,0.0,0.0,,,
0.08750000000000001,0.1,0.875,-0.3,0.0009607634178934877,0.9600651482069008,0.285496492767752,0.0010007273044757617,0.0033652371998666103,0.12287885391602775,0.062412692589329924,
0.08750000000000001,0.1,0.875,-0.4750000000000001,0.0021821305044014503,0.9794739482563126,0.20366457091747786,0.0022278596444627696,0.01071433531404743,0.284934777826277,0.14527861386928684,
0.08750000000000001,0.1,1.0,-0.65,0.008719654592357738,0.9896682490834721,0.14412136444116985,0.008810684299841016,0.0605021651451065,0.46104720820069445,0.24526724241932082,
0.08750000000000001,0.1,1.0,-0.3,0.004541265011490519,0.9492304485858482,0.32281160525603725,0.004784154333033138,0.014067849289026104,0.08511591898467924,0.04680677565005478,
0.08750000000000001,0.1,1.0,-1.0,0.0,0.0,6.069708517540586,0.0,0.0,,,
0.08750000000000001,0.1,1.0,-0.4750000000000001,0.001327545653052034,0.9665063245944906,0.26102653580208685,0.0013735509075675347,0.005085864733915764,0.16068812129031465,0.08177329886421074,
0.08750000000000001,0.1,1.0,-0.825,0.0,0.0,6.069708517540586,0.0,0.0,,,
0.08750000000000001,0.15,0.5,-1.0,0.0,0.0,6.069708517540586,0.0,0.0,,,
0.08750000000000001,0.1,0.875,-0.65,0.0,0.0,6.069708517540586,0.0,0.0,,,
0.08750000000000001,0.15,0.5,-0.3,0.0,0.0,6.069708517540586,0.0,0.0,,,
0.08750000000000001,0.15,0.5,-0.825,0.0,0.0,6.069708517540586,0.0,0.0,,,
0.08750000000000001,0.15,0.5,-0.4750000000000001,0.0,0.0,6.069708517540586,0.0,0.0,,,
0.08750000000000001,0.15,0.625,-1.0,0.0,0.0,6.069708517540586,0.0,0.0,,,
0.08750000000000001,0.15,0.625,-0.65,0.0,0.0,6.069708517540586,0.0,0.0,,,
0.08750000000000001,0.15,0.625,-0.825,0.0,0.0,6.069708517540586,0.0,0.0,,,
0.08750000000000001,0.15,0.625,-0.4750000000000001,0.0,0.0,6.069708517540586,0.0,0.0,,,
0.08750000000000001,0.15,0.625,-0.3,0.0,0.0,6.069708517540586,0.0,0.0,,,
0.08750000000000001,0.15,0.75,-0.825,0.0,0.0,6.069708517540586,0.0,0.0,,,
0.08750000000000001,0.15,0.75,-0.4750000000000001,0.0,0.0,6.069708517540586,0.0,0.0,,,
0.08750000000000001,0.15,0.75,-1.0,0.0,0.0,6.069708517540586,0.0,0.0,,,
0.08750000000000001,0.15,0.75,-0.3,0.2094395102393201,0.9999999999999998,,0.20943950814492507,,0.9508429618463841,,
0.08750000000000001,0.15,0.75,-0.65,0.0,0.0,6.069708517540586,0.0,0.0,,,
0.08750000000000001,0.15,0.5,-0.65,0.0,0.0,6.069708517540586,0.0,0.0,,,
0.08750000000000001,0.15,0.875,-0.825,0.0,0.0,6.069708517540586,0.0,0.0,,,
0.08750000000000001,0.15,0.875,-1.0,0.0,0.0,6.069708517540586,0.0,0.0,,,
0.08750000000000001,0.15,0.875,-0.65,0.0,0.0,6.069708517540586,0.0,0.0,,,
0.08750000000000001,0.15,0.875,-0.3,0.0025798691808623696,0.9785694301722861,0.20815152521167463,0.002636368023518249,0.012394188215718499,0.27973899990574225,0.1431392480030703,
0.08750000000000001,0.2,0.5,-0.65,0.0,0.0,6.069708517540586,0.0,0.0,,,
0.08750000000000001,0.15,1.0,-1.0,0.0,0.0,6.069708517540586,0.0,0.0,,,
0.08750000000000001,0.15,1.0,-0.825,0.0,0.0,6.069708517540586,0.0,0.0,,,
0.08750000000000001,0.15,0.875,-0.4750000000000001,0.0,0.0,6.069708517540586,0.0,0.0,,,
0.08750000000000001,0.2,0.5,-0.825,0.0,0.0,6.069708517540586,0.0,0.0,,,
0.08750000000000001,0.15,1.0,-0.4750000000000001,0.0,0.0,6.069708517540586,0.0,0.0,,,
0.08750000000000001,0.15,1.0,-0.3,0.002049375230500323,0.9704252263169526,0.2450343469516573,0.002111832167801304,0.008363624348976036,0.19499476444275624,0.09980365674151372,
0.08750000000000001,0.2,0.5,-0.4750000000000001,0.0,0.0,6.069708517540586,0.0,0.0,,,
0.08750000000000001,0.15,1.0,-0.65,0.0,0.0,6.069708517540586,0.0,0.0,,,
0.08750000000000001,0.2,0.625,-0.3,0.0,0.0,6.069708517540586,0.0,0.0,,,
0.08750000000000001,0.2,0.5,-0.3,0.0,0.0,6.069708517540586,0.0,0.0,,,
0.08750000000000001,0.2,0.625,-0.825,0.0,0.0,6.069708517540586,0.0,0.0,,,
0.08750000000000001,0.2,0.625,-1.0,0.0,0.0,6.069708517540586,0.0,0.0,,,
0.08750000000000001,0.2,0.75,-0.65,0.0,0.0,6.069708517540586,0.0,0.0,,,
0.08750000000000001,0.2,0.75,-0.4750000000000001,0.0,0.0,6.069708517540586,0.0,0.0,,,
0.08750000000000001,0.2,0.625,-0.4750000000000001,0.0,0.0,6.069708517540586,0.0,0.0,,,
0.08750000000000001,0.2,0.75,-0.3,0.0,0.0,6.069708517540586,0.0,0.0,,,
0.08750000000000001,0.2,0.75,-0.825,0.0,0.0,6.069708517540586,0.0,0.0,,,
0.08750000000000001,0.2,0.625,-0.65,0.0,0.0,6.069708517540586,0.0,0.0,,,
0.08750000000000001,0.2,0.875,-1.0,0.0,0.0,6.069708517540586,0.0,0.0,,,
0.08750000000000001,0.2,0.875,-0.825,0.0,0.0,6.069708517540586,0.0,0.0,,,
0.08750000000000001,0.2,0.5,-1.0,0.0,0.0,6.069708517540586,0.0,0.0,,,
0.08750000000000001,0.2,0.875,-0.3,0.0,0.0,6.069708517540586,0.0,0.0,,,
0.08750000000000001,0.2,1.0,-1.0,0.0,0.0,6.069708517540586,0.0,0.0,,,
0.08750000000000001,0.2,0.875,-0.4750000000000001,0.0,0.0,6.069708517540586,0.0,0.0,,,
0.08750000000000001,0.2,1.0,-0.825,0.0,0.0,6.069708517540586,0.0,0.0,,,
0.08750000000000001,0.2,0.875,-0.65,0.0,0.0,6.069708517540586,0.0,0.0,,,
0.08750000000000001,0.2,1.0,-0.65,0.0,0.0,6.069708517540586,0.0,0.0,,,
0.08750000000000001,0.2,1.0,-0.4750000000000001,0.0,0.0,6.069708517540586,0.0,0.0,,,
0.08750000000000001,0.2,1.0,-0.3,0.014401570349734978,0.9853304957507326,0.1719194884670272,0.014615979375125796,0.08376927175709394,0.3790069825324879,0.21064213943020046,
0.08750000000000001,0.25,0.5,-1.0,0.0,0.0,6.069708517540586,0.0,0.0,,,
0.08750000000000001,0.25,0.5,-0.3,0.0,0.0,6.069708517540586,0.0,0.0,,,
0.08750000000000001,0.2,0.75,-1.0,0.0,0.0,6.069708517540586,0.0,0.0,,,
0.08750000000000001,0.25,0.5,-0.825,0.0,0.0,6.069708517540586,0.0,0.0,,,
0.08750000000000001,0.25,0.5,-0.65,0.0,0.0,6.069708517540586,0.0,0.0,,,
0.08750000000000001,0.25,0.5,-0.4750000000000001,0.0,0.0,6.069708517540586,0.0,0.0,,,
0.08750000000000001,0.25,0.625,-0.4750000000000001,0.0,0.0,6.069708517540586,0.0,0.0,,,
0.08750000000000001,0.25,0.625,-0.825,0.0,0.0,6.069708517540586,0.0,0.0,,,
0.08750000000000001,0.25,0.625,-1.0,0.0,0.0,6.069708517540586,0.0,0.0,,,
0.08750000000000001,0.25,0.625,-0.65,0.0,0.0,6.069708517540586,0.0,0.0,,,
0.08750000000000001,0.25,0.75,-1.0,0.0,0.0,6.069708517540586,0.0,0.0,,,
0.08750000000000001,0.25,0.75,-0.825,0.0,0.0,6.069708517540586,0.0,0.0,,,
0.08750000000000001,0.25,0.625,-0.3,0.0,0.0,6.069708517540586,0.0,0.0,,,
0.08750000000000001,0.25,0.75,-0.4750000000000001,0.0,0.0,6.069708517540586,0.0,0.0,,,
0.08750000000000001,0.25,0.75,-0.3,0.0,0.0,6.069708517540586,0.0,0.0,,,
0.08750000000000001,0.25,0.875,-0.825,0.0,0.0,6.069708517540586,0.0,0.0,,,
0.08750000000000001,0.25,0.875,-0.65,0.0,0.0,6.069708517540586,0.0,0.0,,,
0.08750000000000001,0.25,0.875,-1.0,0.0,0.0,6.069708517540586,0.0,0.0,,,
0.08750000000000001,0.25,1.0,-1.0,0.0,0.0,6.069708517540586,0.0,0.0,,,
0.08750000000000001,0.25,0.875,-0.4750000000000001,0.0,0.0,6.069708517540586,0.0,0.0,,,
0.08750000000000001,0.25,1.0,-0.825,0.0,0.0,6.069708517540586,0.0,0.0,,,
0.08750000000000001,0.25,1.0,-0.65,0.0,0.0,6.069708517540586,0.0,0.0,,,
0.08750000000000001,0.25,0.875,-0.3,0.0,0.0,6.069708517540586,0.0,0.0,,,
0.08750000000000001,0.3,0.5,-0.65,0.0,0.0,6.069708517540586,0.0,0.0,,,
0.08750000000000001,0.3,0.625,-1.0,0.0,0.0,6.069708517540586,0.0,0.0,,,
0.08750000000000001,0.25,1.0,-0.3,0.000847890646703229,0.9955628487290619,0.09430816082744319,0.0008516696251461694,0.008990639190330782,0.6268709337463226,0.3154890955987713,
0.08750000000000001,0.3,0.5,-0.825,0.0,0.0,6.069708517540586,0.0,0.0,,,
0.08750000000000001,0.3,0.5,-1.0,0.0,0.0,6.069708517540586,0.0,0.0,,,
0.08750000000000001,0.3,0.5,-0.4750000000000001,0.0,0.0,6.069708517540586,0.0,0.0,,,
0.08750000000000001,0.25,0.75,-0.65,0.0,0.0,6.069708517540586,0.0,0.0,,,
0.08750000000000001,0.3,0.625,-0.65,0.0,0.0,6.069708517540586,0.0,0.0,,,
0.08750000000000001,0.3,0.5,-0.3,0.0,0.0,6.069708517540586,0.0,0.0,,,
0.08750000000000001,0.3,0.625,-0.825,0.0,0.0,6.069708517540586,0.0,0.0,,,
0.08750000000000001,0.3,0.625,-0.4750000000000001,0.0,0.0,6.069708517540586,0.0,0.0,,,
0.08750000000000001,0.3,0.625,-0.3,0.0,0.0,6.069708517540586,0.0,0.0,,,
0.08750000000000001,0.3,0.75,-1.0,0.0,0.0,6.069708517540586,0.0,0.0,,,
0.08750000000000001,0.3,0.75,-0.825,0.0,0.0,6.069708517540586,0.0,0.0,,,
0.08750000000000001,0.3,0.75,-0.4750000000000001,0.0,0.0,6.069708517540586,0.0,0.0,,,
0.08750000000000001,0.3,0.75,-0.65,0.0,0.0,6.069708517540586,0.0,0.0,,,
0.08750000000000001,0.3,0.75,-0.3,0.0,0.0,6.069708517540586,0.0,0.0,,,
0.08750000000000001,0.25,1.0,-0.4750000000000001,0.0,0.0,6.069708517540586,0.0,0.0,,,
0.08750000000000001,0.3,0.875,-0.65,0.0,0.0,6.069708517540586,0.0,0.0,,,
0.08750000000000001,0.3,0.875,-0.4750000000000001,0.0,0.0,6.069708517540586,0.0,0.0,,,
0.08750000000000001,0.3,0.875,-1.0,0.0,0.0,6.069708517540586,0.0,0.0,,,
0.08750000000000001,0.3,0.875,-0.825,0.0,0.0,6.069708517540586,0.0,0.0,,,
0.08750000000000001,0.3,0.875,-0.3,0.0,0.0,6.069708517540586,0.0,0.0,,,
0.08750000000000001,0.3,1.0,-1.0,0.0,0.0,6.069708517540586,0.0,0.0,,,
0.125,0.1,0.5,-0.825,0.0,0.0,6.069708517540586,0.0,0.0,,,
0.125,0.1,0.5,-0.4750000000000001,0.05235987755982988,1.0000000000000002,,0.05235987703623111,,0.9415643363277145,,
0.08750000000000001,0.3,1.0,-0.3,2.5639946154097946e-16,0.9976440018098599,0.06868431985752785,2.5700496219672235e-16,3.733013038097049e-15,0.7231433391491987,0.3615716695746002,
0.125,0.1,0.5,-0.65,0.0,0.0,6.069708517540586,0.0,0.0,,,
0.08750000000000001,0.3,1.0,-0.65,0.0,0.0,6.069708517540586,0.0,0.0,,,
0.08750000000000001,0.3,1.0,-0.4750000000000001,0.0,0.0,6.069708517540586,0.0,0.0,,,
0.125,0.1,0.5,-0.3,0.0001949375985283729,0.9630831952896168,0.2742825869301975,0.00020240992414539258,0.0007107180981123778,0.13640834905788196,0.06840704112580707,
0.08750000000000001,0.3,1.0,-0.825,0.0,0.0,6.069708517540586,0.0,0.0,,,
0.125,0.1,0.625,-1.0,0.0,0.0,6.069708517540586,0.0,0.0,,,
0.125,0.1,0.625,-0.825,0.0,0.0,6.069708517540586,0.0,0.0,,,
0.125,0.1,0.625,-0.4750000000000001,0.0001832898120600517,0.9643833763883739,0.269318991949604,0.00019005907261268154,0.0006805677190947958,0.14085056177277627,0.0706184121519909,
0.125,0.1,0.75,-1.0,0.0,0.0,6.069708517540586,0.0,0.0,,,
0.125,0.1,0.625,-0.65,0.0,0.0,6.069708517540586,0.0,0.0,,,
0.125,0.1,0.625,-0.3,0.00030236061650616534,0.9397009960148597,0.3526855058644891,0.0003217625761500824,0.0008573094484419785,0.05433002319042985,0.027433002257748345,
0.125,0.1,0.5,-1.0,0.0,0.0,6.069708517540586,0.0,0.0,,,
0.125,0.1,0.75,-0.65,0.0010088420449795648,0.9655644311570263,0.2647354737169292,0.0010448210414321795,0.0038107550560386116,0.14881889081673796,0.07548504273200636,
0.125,0.1,0.875,-0.825,0.004149734335065968,0.9671854069974559,0.25832172708185464,0.004290526161931247,0.01606420947220997,0.16520752128798705,0.0871037603870149,
0.125,0.1,0.875,-0.4750000000000001,0.0021847721996724476,0.9175748082103525,0.41477983712984406,0.002381028943158717,0.005267305698344539,0.04838192185802956,0.0259587307516313,
0.125,0.1,0.75,-0.4750000000000001,0.0008228015487105223,0.9411137681630813,0.3483998700825021,0.000874284882234444,0.0023616585979658387,0.05626795986977571,0.028868597119151355,
0.125,0.1,0.75,-0.3,0.0009685543730980922,0.9194923377037445,0.40971589475798204,0.0010533577310533043,0.00236396582483141,0.050777633144815294,0.02617761705668992,
0.125,0.1,0.875,-0.65,0.004537730344977366,0.9403950196154397,0.3505859316180149,0.00482534488387609,0.01294327563012855,0.0511827523828503,0.029627634782613686,
0.125,0.1,0.875,-1.0,0.0,0.0,6.069708517540586,0.0,0.0,,,
0.125,0.1,1.0,-0.825,0.0002451400230176419,0.9399463342703905,0.3519445578799567,0.00026080214526279753,0.0006965302276424337,0.049436678288359556,0.024935885833287104,
0.125,0.1,0.875,-0.3,0.0010545086507059152,0.8971241022611994,0.4659636525950456,0.0011754322911330833,0.0022630706168456356,0.09926848629548508,0.050439486958451595,
0.125,0.1,1.0,-0.3,0.0001127870483196091,0.8755456256572665,0.5155734736459701,0.0001288191542807938,0.00021876037865566533,0.15976376087568597,0.07996427825985836,
0.125,0.1,1.0,-1.0,0.0015399730484521484,0.9682394745185322,0.2540701515019435,0.0015904877595628285,0.006061211989478301,0.1701819446345019,0.08678036104301545,
0.125,0.1,1.0,-0.65,0.002105544448218311,0.9167695597957689,0.4168911736438234,0.0022966997570473117,0.005050585335772091,0.05683042650324893,0.030114340245893077,
0.125,0.1,1.0,-0.4750000000000001,0.0024627769850332068,0.8958691886665223,0.4689581224266564,0.0027490363422461505,0.005251592556472625,0.10088537325918158,0.052317716043559157,
0.125,0.15,0.5,-1.0,0.0,0.0,6.069708517540586,0.0,0.0,,,
0.125,0.15,0.5,-0.65,0.0,0.0,6.069708517540586,0.0,0.0,,,
0.125,0.15,0.5,-0.825,0.0,0.0,6.069708517540586,0.0,0.0,,,
0.125,0.1,0.75,-0.825,0.0,0.0,6.069708517540586,0.0,0.0,,,
0.125,0.15,0.5,-0.4750000000000001,0.0,0.0,6.069708517540586,0.0,0.0,,,
0.125,0.15,0.5,-0.3,0.022400984292907215,0.9977083851262293,0.06773824058159274,0.02245243640560232,0.3306992342962401,0.7825803311642798,0.46416574336306865,
0.125,0.15,0.625,-0.4750000000000001,0.0,0.0,6.069708517540586,0.0,0.0,,,
0.125,0.15,0.625,-0.3,0.0034251595151998074,0.969366807120985,0.2494481368290983,0.003533398765776319,0.013730948479869585,0.17800758196893265,0.09281000031017314,
0.125,0.15,0.625,-0.825,0.0,0.0,6.069708517540586,0.0,0.0,,,
0.125,0.15,0.625,-1.0,0.0,0.0,6.069708517540586,0.0,0.0,,,
0.125,0.15,0.75,-1.0,0.0,0.0,6.069708517540586,0.0,0.0,,,
0.125,0.15,0.875,-1.0,0.0,0.0,6.069708517540586,0.0,0.0,,,
0.125,0.15,0.75,-0.825,0.0,0.0,6.069708517540586,0.0,0.0,,,
0.125,0.15,0.75,-0.4750000000000001,2.0076903012205046e-05,0.9860266210963571,0.1677612322244318,2.036142065441139e-05,0.00011967546223877319,0.38592839679411656,0.19299424191570236,
0.125,0.15,0.875,-0.65,0.0,0.0,6.069708517540586,0.0,0.0,,,
0.125,0.15,0.75,-0.65,0.0,0.0,6.069708517540586,0.0,0.0,,,
0.125,0.15,0.875,-0.4750000000000001,0.002340406423810406,0.9647390514966321,0.2679463259784986,0.0024259476134195863,0.008734609124658095,0.14891915962884192,0.07693428592337845,
0.125,0.15,0.875,-0.825,0.0,0.0,6.069708517540586,0.0,0.0,,,
0.125,0.15,0.75,-0.3,0.0021455146909822335,0.95028785270592,0.31934409940432174,0.0022577523876532906,0.006718504256018196,0.08206516760101897,0.04305361036800911,
0.125,0.15,0.875,-0.3,0.001605126314111382,0.9305439464639654,0.3794363303591639,0.0017249333607095854,0.0042302915817049305,0.05335524852569563,0.028041162587401674,
0.125,0.15,1.0,-0.4750000000000001,0.0032126653363516037,0.9471585978360538,0.32951089604034645,0.0033918979458904862,0.009749800006486686,0.07765854094911058,0.041796799859619774,
0.125,0.15,1.0,-0.65,2.579370688782198e-16,0.9794537026332758,0.20376603657760192,2.633478903099486e-16,1.2658491729557074e-15,0.28129692701844916,0.1406484635092249,
0.125,0.15,1.0,-1.0,0.0,0.0,6.069708517540586,0.0,0.0,,,
0.125,0.15,0.625,-0.65,0.0,0.0,6.069708517540586,0.0,0.0,,,
0.125,0.15,1.0,-0.825,0.0,0.0,6.069708517540586,0.0,0.0,,,
0.125,0.2,0.5,-0.825,0.0,0.0,6.069708517540586,0.0,0.0,,,
0.125,0.2,0.5,-1.0,0.0,0.0,6.069708517540586,0.0,0.0,,,
0.125,0.2,0.5,-0.65,0.0,0.0,6.069708517540586,0.0,0.0,,,
0.125,0.2,0.5,-0.4750000000000001,0.0,0.0,6.069708517540586,0.0,0.0,,,
0.125,0.2,0.625,-0.825,0.0,0.0,6.069708517540586,0.0,0.0,,,
0.125,0.2,0.625,-1.0,0.0,0.0,6.069708517540586,0.0,0.0,,,
0.125,0.2,0.5,-0.3,0.0,0.0,6.069708517540586,0.0,0.0,,,
0.125,0.2,0.625,-0.65,0.0,0.0,6.069708517540586,0.0,0.0,,,
0.125,0.15,1.0,-0.3,0.0026711145604880397,0.9104222417641084,0.4332361346064242,0.002933929344666467,0.006165493473702577,0.07788030292286323,0.04105342895957207,
0.125,0.2,0.75,-1.0,0.0,0.0,6.069708517540586,0.0,0.0,,,
0.125,0.2,0.625,-0.3,0.0007990444457624682,0.9923967591177092,0.12354985062582423,0.0008051663111245909,0.006467384960119515,0.5252838832193094,0.264176968495016,
0.125,0.2,0.625,-0.4750000000000001,0.0,0.0,6.069708517540586,0.0,0.0,,,
0.125,0.2,0.75,-0.825,0.0,0.0,6.069708517540586,0.0,0.0,,,
0.125,0.2,0.75,-0.3,0.0010079711674980888,0.9756751498684816,0.22192600556123263,0.0010331011887542167,0.004541924525469706,0.23587179655234558,0.119154213537893,
0.125,0.2,0.75,-0.65,0.0,0.0,6.069708517540586,0.0,0.0,,,
0.125,0.2,0.875,-1.0,0.0,0.0,6.069708517540586,0.0,0.0,,,
0.125,0.2,0.875,-0.825,0.0,0.0,6.069708517540586,0.0,0.0,,,
0.125,0.2,0.875,-0.65,0.0,0.0,6.069708517540586,0.0,0.0,,,
0.125,0.2,0.875,-0.4750000000000001,0.010470958371583279,0.9950976799595508,0.09913995944219126,0.010522543140471874,0.10561794084340854,0.6150586920009261,0.33180969711128633,
0.125,0.2,0.75,-0.4750000000000001,0.0,0.0,6.069708517540586,0.0,0.0,,,
0.125,0.2,1.0,-1.0,0.0,0.0,6.069708517540586,0.0,0.0,,,
0.125,0.2,1.0,-0.825,0.0,0.0,6.069708517540586,0.0,0.0,,,
0.125,0.2,1.0,-0.65,0.0,0.0,6.069708517540586,0.0,0.0,,,
0.125,0.2,1.0,-0.3,0.0036626083883936167,0.944774782304651,0.3370717873434821,0.0038766999482058324,0.010865959495629204,0.07701818677524172,0.04184529527120845,
0.125,0.2,1.0,-0.4750000000000001,0.003309435414498858,0.9837153008596119,0.1812111587214167,0.0033642207028443355,0.01826286768347742,0.3423490137085005,0.17583634660179903,
0.125,0.25,0.5,-1.0,0.0,0.0,6.069708517540586,0.0,0.0,,,
0.125,0.25,0.5,-0.825,0.0,0.0,6.069708517540586,0.0,0.0,,,
0.125,0.25,0.5,-0.65,0.0,0.0,6.069708517540586,0.0,0.0,,,
0.125,0.2,0.875,-0.3,0.0016199992514423593,0.9607169814273776,0.28310919171140203,0.0016862398249410143,0.005722171158235535,0.13087722808122348,0.06708892021974115,
0.125,0.25,0.5,-0.4750000000000001,0.0,0.0,6.069708517540586,0.0,0.0,,,
0.125,0.25,0.625,-1.0,0.0,0.0,6.069708517540586,0.0,0.0,,,
0.125,0.25,0.5,-0.3,0.0,0.0,6.069708517540586,0.0,0.0,,,
0.125,0.25,0.625,-0.825,0.0,0.0,6.069708517540586,0.0,0.0,,,
0.125,0.25,0.625,-0.4750000000000001,0.0,0.0,6.069708517540586,0.0,0.0,,,
0.125,0.25,0.625,-0.3,0.0,0.0,6.069708517540586,0.0,0.0,,,
0.125,0.25,0.75,-1.0,0.0,0.0,6.069708517540586,0.0,0.0,,,
0.125,0.25,0.75,-0.825,0.0,0.0,6.069708517540586,0.0,0.0,,,
0.125,0.25,0.625,-0.65,0.0,0.0,6.069708517540586,0.0,0.0,,,
0.125,0.25,0.75,-0.65,0.0,0.0,6.069708517540586,0.0,0.0,,,
0.125,0.25,0.75,-0.3,0.0016412481819247724,0.9906191161174152,0.137296404945286,0.0016567903229946725,0.011954050672913295,0.4794273975550591,0.2426015460090106,
0.125,0.25,0.75,-0.4750000000000001,0.0,0.0,6.069708517540586,0.0,0.0,,,
0.125,0.25,0.875,-0.4750000000000001,0.0,1.0,,0.0,,0.940918204969816,,
0.125,0.25,0.875,-0.825,0.0,0.0,6.069708517540586,0.0,0.0,,,
0.125,0.25,0.875,-0.65,0.0,0.0,6.069708517540586,0.0,0.0,,,
0.125,0.25,0.875,-0.3,0.0008031152024836511,0.9806119540828054,0.19788102011833464,0.0008189938853487555,0.004058576219201725,0.29532079413778833,0.14871781047833915,
0.125,0.25,1.0,-0.825,0.0,0.0,6.069708517540586,0.0,0.0,,,
0.125,0.25,1.0,-1.0,0.0,0.0,6.069708517540586,0.0,0.0,,,
0.125,0.25,1.0,-0.65,0.0,0.0,6.069708517540586,0.0,0.0,,,
0.125,0.25,1.0,-0.4750000000000001,0.0005905785743368718,0.9957091433790648,0.09273703382987027,0.0005931235766314578,0.006368314253185102,0.6314603197531388,0.31718175980019586,
0.125,0.3,0.5,-0.825,0.0,0.0,6.069708517540586,0.0,0.0,,,
0.125,0.3,0.5,-1.0,0.0,0.0,6.069708517540586,0.0,0.0,,,
0.125,0.25,0.875,-1.0,0.0,0.0,6.069708517540586,0.0,0.0,,,
0.125,0.3,0.5,-0.65,0.0,0.0,6.069708517540586,0.0,0.0,,,
0.125,0.3,0.5,-0.4750000000000001,0.0,0.0,6.069708517540586,0.0,0.0,,,
0.125,0.3,0.5,-0.3,0.0,0.0,6.069708517540586,0.0,0.0,,,
0.125,0.3,0.625,-1.0,0.0,0.0,6.069708517540586,0.0,0.0,,,
0.125,0.3,0.625,-0.65,0.0,0.0,6.069708517540586,0.0,0.0,,,
0.125,0.3,0.625,-0.4750000000000001,0.0,0.0,6.069708517540586,0.0,0.0,,,
0.125,0.3,0.625,-0.825,0.0,0.0,6.069708517540586,0.0,0.0,,,
0.125,0.25,1.0,-0.3,0.0006193233390970348,0.9691096998317164,0.25050929667242444,0.0006390642182344647,0.002472256907522621,0.1807896727190252,0.09108100700648747,
0.125,0.3,0.75,-0.65,0.0,0.0,6.069708517540586,0.0,0.0,,,
0.125,0.3,0.75,-0.825,0.0,0.0,6.069708517540586,0.0,0.0,,,
0.125,0.3,0.75,-1.0,0.0,0.0,6.069708517540586,0.0,0.0,,,
0.125,0.3,0.625,-0.3,0.0,0.0,6.069708517540586,0.0,0.0,,,
0.125,0.3,0.75,-0.4750000000000001,0.0,0.0,6.069708517540586,0.0,0.0,,,
0.125,0.3,0.875,-1.0,0.0,0.0,6.069708517540586,0.0,0.0,,,
0.125,0.3,0.875,-0.825,0.0,0.0,6.069708517540586,0.0,0.0,,,
0.125,0.3,0.75,-0.3,0.0006257900973170719,0.995616807403637,0.09373171186025392,0.0006285451253716296,0.006676396759402754,0.6285695080087931,0.31580859689388857,
0.125,0.3,0.875,-0.65,0.0,0.0,6.069708517540586,0.0,0.0,,,
0.125,0.3,1.0,-1.0,0.0,0.0,6.069708517540586,0.0,0.0,,,
0.125,0.3,0.875,-0.3,2.5377773792363183e-16,0.9900065796930471,0.14172988125339744,2.563394431569551e-16,1.790573276992345e-15,0.4576786704497768,0.22883933522488883,
0.125,0.3,0.875,-0.4750000000000001,0.0149578720711192,0.9997202740919273,0.023653965243225463,0.014962057196534564,0.6323621395953121,0.9033643086936577,0.5826431994248517,
0.125,0.3,1.0,-0.825,0.0,0.0,6.069708517540586,0.0,0.0,,,
0.125,0.3,1.0,-0.3,0.002969408551586191,0.9838153504998223,0.18064905925731292,0.003018257968728602,0.016437442651481646,0.34290004505411886,0.17564298844797435,
0.125,0.3,1.0,-0.4750000000000001,2.600150520679914e-16,0.9976518234998972,0.06857007753407594,2.60627047770587e-16,3.791960887586524e-15,0.7228694678859778,0.36143473394298975,
0.16250000000000003,0.1,0.5,-1.0,0.0,0.0,6.069708517540586,0.0,0.0,,,
0.16250000000000003,0.1,0.5,-0.4750000000000001,0.002214270353900069,0.9432005371404831,0.34198347816692354,0.0023476135172027933,0.006474787512451916,0.052650970876415064,0.028324726995858755,
0.16250000000000003,0.1,0.5,-0.825,0.0,0.0,6.069708517540586,0.0,0.0,,,
0.16250000000000003,0.1,0.5,-0.65,0.0007339823026998475,0.98822878515313,0.1538897917457118,0.0007427250716633024,0.004769532107189301,0.4301420327447667,0.2162477403153202,
0.16250000000000003,0.1,0.5,-0.3,0.003689231792153844,0.9155875266471805,0.41997453070619906,0.004029359995073285,0.008784417916844377,0.0500170433558632,0.02797421325982246,
0.16250000000000003,0.1,0.625,-0.65,0.0016372180570144426,0.929571833772269,0.3821810614989079,0.001761260378079541,0.004283880657490719,0.03385556394875472,0.018312936219299365,
0.16250000000000003,0.1,0.625,-0.825,0.0009393929934100763,0.9732912940719262,0.2326880060005486,0.0009651714645758872,0.004037135431071,0.21577509119454613,0.10898452412286003,
0.16250000000000003,0.1,0.625,-0.4750000000000001,0.0011600174326178133,0.9030101009819179,0.4517112540709039,0.0012846117872992915,0.002568050767306604,0.04595482897196112,0.023876408175631667,
0.16250000000000003,0.1,0.625,-0.3,0.0006409366039956743,0.8778431464068687,0.5104651577813711,0.0007301265599872247,0.0012555932451518723,0.11576634337139086,0.05835332830272197,
0.125,0.3,1.0,-0.65,0.0,0.0,6.069708517540586,0.0,0.0,,,
0.16250000000000003,0.1,0.75,-0.825,0.0004910289194363865,0.9150960773181788,0.42125100773209523,0.0005365872789112427,0.0011656444979917253,0.039293745939778336,0.020040978053160886,
0.16250000000000003,0.1,0.75,-1.0,0.00036589021977731284,0.9521671036001751,0.31309653495381895,0.0003842710114129755,0.0011686179146993142,0.0782793069874983,0.0394886583801129,
0.16250000000000003,0.1,0.75,-0.65,0.001268158183116899,0.889171339901376,0.48469643591653566,0.0014262247465098362,0.002616396757114333,0.0879673382529411,0.04493481590184637,
0.16250000000000003,0.1,0.75,-0.4750000000000001,0.002980875644459779,0.8656789316376142,0.5371055320860487,0.003443396276708342,0.005549888180973377,0.16611104437920762,0.08519851870881098,
0.16250000000000003,0.1,0.75,-0.3,0.0028678273200725994,0.8393500716170548,0.5918232827040759,0.003416723704306515,0.004845749405074645,0.2628073597230299,0.13339784685382183,
0.16250000000000003,0.1,0.875,-1.0,0.001141474025765626,0.90089225467904,0.45687985636588596,0.0012670483147863387,0.0024984118031491677,0.037746772673006385,0.019753183191568928,
0.16250000000000003,0.1,0.875,-0.825,0.0007390010698911066,0.8742937460489848,0.5183413054699321,0.0008452548869051993,0.0014257036089784948,0.12081878340344868,0.060948108889591596,
0.16250000000000003,0.1,0.625,-1.0,0.0,0.0,6.069708517540586,0.0,0.0,,,
0.16250000000000003,0.1,0.875,-0.4750000000000001,0.006958537464569087,0.823640188701791,0.6229309696810237,0.008448516082067177,0.01117063977110057,0.30349005885454394,0.15651371220611224,
0.16250000000000003,0.1,0.875,-0.65,0.0005112861047725837,0.849069069964983,0.5720397358729208,0.0006021725638550753,0.000893794736116315,0.20616351584263448,0.10344116863769702,
0.16250000000000003,0.1,0.875,-0.3,0.0006130223084598703,0.7964195932009823,0.6747282302191775,0.0007697227767824917,0.0009085469986348982,0.4299283631712898,0.21537680781840662,
0.16250000000000003,0.1,1.0,-1.0,0.0022139053241848183,0.8613261862664177,0.546410081990595,0.002570344816843389,0.004051728540804861,0.1513570950221521,0.07725999666429004,
0.16250000000000003,0.1,1.0,-0.825,0.0055912394108355214,0.832601928386396,0.6053092038149723,0.006715381208061426,0.009236997183582594,0.2785847527227546,0.14315439016051226,
0.16250000000000003,0.1,1.0,-0.4750000000000001,0.00012778326981483743,0.780922224790527,0.7032491812024475,0.00016363123512434468,0.00018170411460180838,0.500968514777881,0.25056968758239817,
0.16250000000000003,0.15,0.5,-1.0,0.0,0.0,6.069708517540586,0.0,0.0,,,
0.16250000000000003,0.1,1.0,-0.3,0.0008616979641650235,0.7544642680215163,0.750662836602825,0.0011421322245033433,0.0011479161111327895,0.6226399517613348,0.31189219877024493,
0.16250000000000003,0.15,0.5,-0.825,0.0,0.0,6.069708517540586,0.0,0.0,,,
0.16250000000000003,0.1,1.0,-0.65,0.000129530788936863,0.806707415035638,0.6554299701299477,0.00016056724522045982,0.00019762719869398373,0.3817980239471065,0.19098670758685818,
0.16250000000000003,0.15,0.625,-0.825,0.0,0.0,6.069708517540586,0.0,0.0,,,
0.16250000000000003,0.15,0.5,-0.65,0.0,0.0,6.069708517540586,0.0,0.0,,,
0.16250000000000003,0.15,0.625,-0.4750000000000001,0.003706794240653536,0.9633309497809298,0.27334319249629324,0.0038478927756007077,0.013560953198802649,0.13335130916345792,0.0705422130541697,
0.16250000000000003,0.15,0.625,-0.65,0.0,0.0,6.069708517540586,0.0,0.0,,,
0.16250000000000003,0.15,0.5,-0.4750000000000001,0.0,0.0,6.069708517540586,0.0,0.0,,,
0.16250000000000003,0.15,0.5,-0.3,0.002632545810737753,0.9512941113974561,0.31601262106211975,0.0027673311035187826,0.00833050845213003,0.0786423733476932,0.04181748769532824,
0.16250000000000003,0.15,0.625,-0.3,0.0009895888400554944,0.9160939930353349,0.41865569665873914,0.0010802263051353307,0.0023637295466258585,0.052398762500411776,0.026996195051071658,
0.16250000000000003,0.15,0.75,-1.0,0.0,0.0,6.069708517540586,0.0,0.0,,,
0.16250000000000003,0.15,0.75,-0.825,0.0,0.0,6.069708517540586,0.0,0.0,,,
0.16250000000000003,0.15,0.75,-0.65,0.004074640738005841,0.9766223675890604,0.21750960367664013,0.0041721763001833995,0.0187331532453316,0.2457510678887849,0.12787381748351379,
0.16250000000000003,0.15,0.625,-1.0,0.0,0.0,6.069708517540586,0.0,0.0,,,
0.16250000000000003,0.15,0.75,-0.3,0.0014081555163079347,0.8785934470154811,0.5087887469774836,0.0016027384509456032,0.0027676624624134085,0.1359732623053201,0.0690209851804264,
0.16250000000000003,0.15,0.875,-1.0,0.0,0.0,6.069708517540586,0.0,0.0,,,
0.16250000000000003,0.15,0.875,-0.65,0.00013441438449270852,0.9328537496944439,0.37284536323003387,0.00014408944927952685,0.00036050973875134147,0.0424349208535451,0.021332789209306674,
0.16250000000000003,0.15,0.875,-0.825,0.004887813653914841,0.9926338666745769,0.12160088141374716,0.004924085071818732,0.04019554461356287,0.5336361733479076,0.276334421118212,
0.16250000000000003,0.15,0.875,-0.4750000000000001,0.0012542497272264468,0.887798508411436,0.48787386774666996,0.001412763933725315,0.002570848348609891,0.1049288934299008,0.05340244556478998,
0.16250000000000003,0.15,0.875,-0.3,0.0001493008408112241,0.840348521506175,0.5898110794820773,0.0001776653795582042,0.0002531333269329691,0.24889597759174512,0.12455191507512661,
0.16250000000000003,0.15,1.0,-1.0,0.0,0.0,6.069708517540586,0.0,0.0,,,
0.16250000000000003,0.15,1.0,-0.65,0.0012970962888189334,0.8962943249694639,0.4679453410416482,0.00144717671217137,0.0027718970038927877,0.0818501816495098,0.04191362323918487,
0.16250000000000003,0.15,1.0,-0.3,0.002617270021983288,0.8000569697393128,0.667940609899451,0.003271354526318973,0.003918417271226077,0.4346772506236038,0.2191037151239428,
0.16250000000000003,0.2,0.5,-0.825,0.0,0.0,6.069708517540586,0.0,0.0,,,
0.16250000000000003,0.15,1.0,-0.825,0.0008221844725441206,0.941859036948623,0.34612034696351457,0.0008729379148693036,0.002375429470578883,0.05198108365490428,0.02672750909602871,
0.16250000000000003,0.15,1.0,-0.4750000000000001,0.00028980354619224306,0.8490623071377785,0.5720536596003185,0.00034132187984644267,0.0005066020316952828,0.23315728824140022,0.1167823610909931,
0.16250000000000003,0.15,0.75,-0.4750000000000001,0.003956587279925958,0.9247692888440705,0.39550215987218784,0.00427845873005468,0.010003958717202924,0.03797914841843746,0.02227390357167572,
0.16250000000000003,0.2,0.5,-0.3,0.0009444286995051593,0.9861840997889808,0.16680658192246522,0.000957659619670047,0.0056618191477848705,0.38055297460769977,0.19169614901930787,
0.16250000000000003,0.2,0.5,-1.0,0.0,0.0,6.069708517540586,0.0,0.0,,,
0.16250000000000003,0.2,0.5,-0.65,0.0,0.0,6.069708517540586,0.0,0.0,,,
0.16250000000000003,0.2,0.625,-1.0,0.0,0.0,6.069708517540586,0.0,0.0,,,
0.16250000000000003,0.2,0.5,-0.4750000000000001,0.0,0.0,6.069708517540586,0.0,0.0,,,
0.16250000000000003,0.2,0.625,-0.825,0.0,0.0,6.069708517540586,0.0,0.0,,,
0.16250000000000003,0.2,0.625,-0.4750000000000001,0.0,0.0,6.069708517540586,0.0,0.0,,,
0.16250000000000003,0.2,0.625,-0.65,0.0,0.0,6.069708517540586,0.0,0.0,,,
0.16250000000000003,0.2,0.75,-1.0,0.0,0.0,6.069708517540586,0.0,0.0,,,
0.16250000000000003,0.2,0.75,-0.825,0.0,0.0,6.069708517540586,0.0,0.0,,,
0.16250000000000003,0.2,0.75,-0.65,0.0,0.0,6.069708517540586,0.0,0.0,,,
0.16250000000000003,0.2,0.75,-0.4750000000000001,0.0029149021253340565,0.9792375424312153,0.20484637095074176,0.002976705823931122,0.014229698636130519,0.27940113863836774,0.14343952079358932,
0.16250000000000003,0.2,0.875,-1.0,0.0,0.0,6.069708517540586,0.0,0.0,,,
0.16250000000000003,0.2,0.875,-0.825,0.0,0.0,6.069708517540586,0.0,0.0,,,
0.16250000000000003,0.2,0.625,-0.3,0.0013151066035351395,0.9541051807532032,0.30653336121317226,0.001378366469735847,0.004290256037157978,0.0918604624121976,0.04720179235445115,
0.16250000000000003,0.2,0.875,-0.3,0.0013098079563776909,0.8920295636993817,0.4780292722840674,0.0014683458878450844,0.0027400162130643366,0.10066619496312638,0.05132160449052958,
0.16250000000000003,0.2,1.0,-1.0,0.0,0.0,6.069708517540586,0.0,0.0,,,
0.16250000000000003,0.2,1.0,-0.825,0.0,0.0,6.069708517540586,0.0,0.0,,,
0.16250000000000003,0.2,0.875,-0.4750000000000001,0.002083747319352828,0.9506931648707803,0.3180059832759051,0.0021918189531928154,0.006552541238021136,0.08342189480552181,0.04367900133632298,
0.16250000000000003,0.2,0.875,-0.65,1.815022557110545e-16,0.9990863565030492,0.042756312152001236,1.8166823389487273e-16,4.245040008731416e-15,0.8240468776252453,0.41202343881262354,
0.16250000000000003,0.25,0.5,-1.0,0.0,0.0,6.069708517540586,0.0,0.0,,,
0.16250000000000003,0.2,1.0,-0.4750000000000001,0.005441456153359478,0.9226500976498487,0.40126100728833686,0.005897637802503289,0.013560889432372315,0.05353598897580216,0.03124946371512653,
0.16250000000000003,0.25,0.5,-0.825,0.0,0.0,6.069708517540586,0.0,0.0,,,
0.16250000000000003,0.2,1.0,-0.3,0.004837300830550623,0.8549229484643357,0.5598998502670245,0.0056581716313241544,0.008639582290017836,0.22212628542327337,0.11448851065903749,
0.16250000000000003,0.25,0.5,-0.65,0.0,0.0,6.069708517540586,0.0,0.0,,,
0.16250000000000003,0.2,0.75,-0.3,0.002404177329746045,0.9231207957393883,0.39998792294893354,0.0026044016284741634,0.006010624800921768,0.04852807986158275,0.026247485379517977,
0.16250000000000003,0.25,0.5,-0.4750000000000001,0.0,0.0,6.069708517540586,0.0,0.0,,,
0.16250000000000003,0.25,0.5,-0.3,0.0,0.0,6.069708517540586,0.0,0.0,,,
0.16250000000000003,0.25,0.625,-1.0,0.0,0.0,6.069708517540586,0.0,0.0,,,
0.16250000000000003,0.25,0.625,-0.825,0.0,0.0,6.069708517540586,0.0,0.0,,,
0.16250000000000003,0.25,0.625,-0.4750000000000001,0.0,0.0,6.069708517540586,0.0,0.0,,,
0.16250000000000003,0.25,0.625,-0.65,0.0,0.0,6.069708517540586,0.0,0.0,,,
0.16250000000000003,0.25,0.625,-0.3,0.0012347054053298413,0.9814346406060299,0.19359673875042183,0.0012580617614911173,0.006377717999276737,0.3033499099955677,0.15332791712608654,
0.16250000000000003,0.25,0.75,-0.65,0.0,0.0,6.069708517540586,0.0,0.0,,,
0.16250000000000003,0.25,0.75,-0.3,0.00043916826405321845,0.9586003827692865,0.29079540066682785,0.0004581348676318729,0.0015102311214212959,0.11453739067045633,0.05770818201980199,
0.16250000000000003,0.25,0.75,-1.0,0.0,0.0,6.069708517540586,0.0,0.0,,,
0.16250000000000003,0.25,0.75,-0.825,0.0,0.0,6.069708517540586,0.0,0.0,,,
0.16250000000000003,0.25,0.875,-1.0,0.0,0.0,6.069708517540586,0.0,0.0,,,
0.16250000000000003,0.25,0.75,-0.4750000000000001,0.004912698696703587,0.9978289185694583,0.06593074582978754,0.004923387723130756,0.07451301566323291,0.7326883297689585,0.38272378433406506,
0.16250000000000003,0.2,1.0,-0.65,0.0015584542099707122,0.9740072557381697,0.22950605951613834,0.0016000437212237923,0.006790470862757875,0.2206775626547885,0.11217688861631296,
0.16250000000000003,0.25,0.875,-0.4750000000000001,0.0021677254157676817,0.9864134472871832,0.16540667698372022,0.002197582970663561,0.013105428724506903,0.38813127465769304,0.19734599796494698,
0.16250000000000003,0.25,0.875,-0.825,0.0,0.0,6.069708517540586,0.0,0.0,,,
0.16250000000000003,0.25,1.0,-1.0,0.0,0.0,6.069708517540586,0.0,0.0,,,
0.16250000000000003,0.25,0.875,-0.65,0.0,0.0,6.069708517540586,0.0,0.0,,,
0.16250000000000003,0.25,0.875,-0.3,0.0037438883449316205,0.9346041875922455,0.3677829724198869,0.004005854408290412,0.010179613048146597,0.06321965234620129,0.034847505105217086,
0.16250000000000003,0.25,1.0,-0.3,0.008855259529675594,0.9078298547267467,0.43976878376355083,0.009754316170619693,0.020136171225915787,0.07986055824897402,0.046883808220856076,
0.16250000000000003,0.25,1.0,-0.65,0.007481146063520206,0.9966593889607447,0.08180700831508492,0.007506221354377519,0.09144871836293161,0.6737504613761969,0.35741684076699803,
0.16250000000000003,0.3,0.5,-1.0,0.0,0.0,6.069708517540586,0.0,0.0,,,
0.16250000000000003,0.25,1.0,-0.825,0.0,0.0,6.069708517540586,0.0,0.0,,,
0.16250000000000003,0.3,0.5,-0.825,0.0,0.0,6.069708517540586,0.0,0.0,,,
0.16250000000000003,0.3,0.5,-0.65,0.0,0.0,6.069708517540586,0.0,0.0,,,
0.16250000000000003,0.3,0.5,-0.4750000000000001,0.0,0.0,6.069708517540586,0.0,0.0,,,
0.16250000000000003,0.3,0.625,-0.825,0.0,0.0,6.069708517540586,0.0,0.0,,,
0.16250000000000003,0.3,0.625,-0.65,0.0,0.0,6.069708517540586,0.0,0.0,,,
0.16250000000000003,0.3,0.625,-1.0,0.0,0.0,6.069708517540586,0.0,0.0,,,
0.16250000000000003,0.3,0.75,-1.0,0.0,0.0,6.069708517540586,0.0,0.0,,,
0.16250000000000003,0.3,0.625,-0.3,0.003969523401441733,0.9925960370654442,0.12191388961947155,0.003999132792415819,0.03256005869250634,0.526640052056912,0.271031777604682,
0.16250000000000003,0.3,0.75,-0.825,0.0,0.0,6.069708517540586,0.0,0.0,,,
0.16250000000000003,0.3,0.75,-0.4750000000000001,0.01308772607469491,0.9997430047432017,0.022672374519124044,0.013091090291895341,0.5772543173038833,0.9083103626279023,0.5735333718622965,
0.16250000000000003,0.3,0.5,-0.3,0.0,0.0,6.069708517540586,0.0,0.0,,,
0.16250000000000003,0.3,0.875,-0.825,0.0,0.0,6.069708517540586,0.0,0.0,,,
0.16250000000000003,0.3,0.875,-1.0,0.0,0.0,6.069708517540586,0.0,0.0,,,
0.16250000000000003,0.3,0.75,-0.3,0.000905984860638267,0.980644013862922,0.1977157350858471,0.0009238672123544281,0.004582259779399416,0.2943198328308871,0.14835352853502976,
0.16250000000000003,0.3,0.625,-0.4750000000000001,0.0,0.0,6.069708517540586,0.0,0.0,,,
0.16250000000000003,0.3,0.875,-0.65,0.0,0.0,6.069708517540586,0.0,0.0,,,
0.16250000000000003,0.25,1.0,-0.4750000000000001,0.0024528211337989676,0.9709337559840516,0.24288690860650664,0.0025262496987248223,0.010098613992295094,0.1910826714951557,0.09831893345565432,
0.16250000000000003,0.3,0.75,-0.65,0.0,0.0,6.069708517540586,0.0,0.0,,,
0.16250000000000003,0.3,0.875,-0.4750000000000001,0.003987089234032762,0.9953154667254472,0.09690748207918762,0.0040058547538617045,0.04114325487040026,0.6168334510336306,0.31784713291705385,
0.16250000000000003,0.3,0.875,-0.3,0.0003354515705252042,0.9636803195787395,0.27201341028191356,0.00034809423854468684,0.0012332170321218486,0.14251746480624042,0.07160980408110798,
0.16250000000000003,0.3,1.0,-1.0,0.0,0.0,6.069708517540586,0.0,0.0,,,
0.16250000000000003,0.3,1.0,-0.825,0.0,0.0,6.069708517540586,0.0,0.0,,,
0.16250000000000003,0.3,1.0,-0.4750000000000001,0.0035615665703503407,0.989196442181181,0.1473928756412972,0.0036004643592251833,0.024163763376311015,0.44309206466288004,0.2274589243144698,
0.16250000000000003,0.3,1.0,-0.3,0.001659723545856801,0.9432906971625464,0.3417038623937395,0.0017595037598210962,0.00485719866971925,0.07765010957881067,0.040324345651295515,
0.2,0.1,0.5,-1.0,0.0,0.0,6.069708517540586,0.0,0.0,,,
0.16250000000000003,0.3,1.0,-0.65,0.006542459270593869,0.9985657213346355,0.05357794720249313,0.006551856392918199,0.12211104777619085,0.7847673922950271,0.4187714626206272,
0.2,0.1,0.5,-0.825,0.006035056649902137,0.9652578140570872,0.26593246563514744,0.006252274262368695,0.022693944627964608,0.165509684323947,0.08916931336627704,
0.2,0.1,0.5,-0.4750000000000001,0.0008580247348308258,0.8795392929198786,0.5066695728050892,0.000975538821269693,0.0016934601580286717,0.09414878365162888,0.04770574550380108,
0.2,0.1,0.625,-0.825,0.003873775227849173,0.8778010912353624,0.5105590018570213,0.004413044392855584,0.007587321374727222,0.08421757171616244,0.04495016345088334,
0.2,0.1,0.5,-0.65,0.0037929678609153286,0.9082481337920403,0.43872007385600675,0.004176136099854002,0.008645530685610312,0.026854375584284513,0.01640913475922052,
0.2,0.1,0.625,-0.4750000000000001,0.0024902203889051026,0.818827314791587,0.6322690155282725,0.0030412033325083877,0.003938545662916088,0.299052824044579,0.15122648215462522,
0.2,0.1,0.625,-1.0,0.0022362035761908936,0.9119419948934006,0.42936903021867856,0.0024521335394045037,0.0052081156739506584,0.01541884802450372,0.009486687208863344,
0.2,0.1,0.75,-0.825,5.373075589237833e-05,0.8126767842317896,0.6440835280419489,6.611577477509881e-05,8.342203076629351e-05,0.2971134105478842,0.1485932244125279,
0.2,0.1,0.75,-1.0,0.005768248887053573,0.8448070331114251,0.5807702283149985,0.0068278892015496305,0.009932067116782349,0.1694445044154498,0.08875703239154627,
0.2,0.1,0.625,-0.3,0.0011355940216928523,0.7900452690962741,0.6865348058937581,0.0014373784031617128,0.0016540953378386856,0.41602228745411896,0.20877317631557574,
0.2,0.1,0.75,-0.65,0.00030787950918950013,0.7823208028033088,0.7007001869749837,0.0003935463612252218,0.00043938836454241164,0.4369610857790339,0.218686484470793,
0.2,0.1,0.625,-0.65,0.001077829301783374,0.8468407352574963,0.5766153382222199,0.0012727650479968837,0.00186923453182231,0.19386709147435552,0.09768922215794129,
0.2,0.1,0.875,-0.65,0.0013720365561996249,0.7147737923418046,0.8194988062245576,0.001919539512646432,0.0016742386270464705,0.7443057260191801,0.3730635725887933,
0.2,0.1,0.5,-0.3,0.0020195988480097037,0.8511793017369023,0.5676838301563514,0.0023727066907776977,0.003557612073349819,0.1747333241436735,0.08878999649374003,
0.2,0.1,0.875,-1.0,0.002600597848893021,0.7781142593990017,0.7083528636982451,0.0033421798714752594,0.0036713310302940528,0.450245163466164,0.22685950190058338,
0.2,0.1,0.875,-0.825,0.0005407355739387201,0.74495391796249,0.7673759237504642,0.0007258644509972263,0.0007046553810235997,0.5802208912507397,0.29046913603687374,
0.2,0.1,0.75,-0.3,0.0009977924572317184,0.7221905271838501,0.8068039080081435,0.001381619400778312,0.001236722389824675,0.7532999803719758,0.3773118204841863,
0.2,0.1,0.875,-0.4750000000000001,4.015685051990776e-05,0.6812752197963048,0.8761151740805115,5.894365267311171e-05,4.583512728455209e-05,0.8940921258994645,0.4470729130709911,
0.2,0.1,0.875,-0.3,0.006614113649221161,0.6505797562345028,0.9272446986515045,0.010166491478059723,0.007133083272236651,1.0940449024882717,0.5514990153420011,
0.2,0.1,1.0,-0.825,0.0025538702616411195,0.6726864795817813,0.8904784085204763,0.0037965237910886195,0.0028679755030606045,0.9691128502104709,0.48626897734317415,
0.2,0.1,1.0,-0.65,0.00030388915572158515,0.6421663112517548,0.9411779231091193,0.0004732249974262485,0.0003228817296497004,1.0873623759568913,0.5438877318236035,
0.2,0.1,1.0,-1.0,0.0011047133252281812,0.7060457913840475,0.8343562417954328,0.0015646482467038733,0.0013240307555570903,0.7246406353550249,0.363054518302635,
0.2,0.1,0.75,-0.4750000000000001,0.0011840993686799842,0.7517888510166142,0.7553803867989518,0.0015750424488582787,0.0015675537641343844,0.6075815009930136,0.30457677398399113,
0.2,0.1,1.0,-0.3,0.0021500823031997108,0.5716924093703745,1.0575009792936945,0.003760907492122554,0.0020331728719870804,1.430403127398717,0.7167364705213927,
0.2,0.1,1.0,-0.4750000000000001,0.0005081986123397455,0.6062036526097989,1.0005391271311272,0.0008383298282162684,0.0005079247763122638,1.230523472041347,0.6156148199244008,
0.2,0.15,0.5,-0.825,0.0,0.0,6.069708517540586,0.0,0.0,,,
0.2,0.15,0.5,-1.0,0.0,0.0,6.069708517540586,0.0,0.0,,,
0.2,0.15,0.5,-0.3,9.351961902554364e-05,0.8940201388147779,0.4733433557967396,0.00010460571738738175,0.00019757247647034113,0.06660169332709569,0.03337174287405813,
0.2,0.15,0.5,-0.65,0.0,0.0,6.069708517540586,0.0,0.0,,,
0.2,0.15,0.625,-0.65,0.0016344327363966263,0.9480072099161668,0.32678176451813434,0.0017240720345369951,0.00500160325288263,0.06376806867059377,0.03340157659623451,
0.2,0.15,0.5,-0.4750000000000001,0.002259930096409395,0.9502393748182497,0.31950380940133066,0.002378274498527176,0.0070732493006701,0.07225776502390965,0.038257014721647,
0.2,0.15,0.625,-0.3,0.003185851094837272,0.8354033356072474,0.5997343113917701,0.003813548403402077,0.005312104100637571,0.24197088958065813,0.1231919301314772,
0.2,0.15,0.625,-0.4750000000000001,0.003772817877555648,0.888226464295665,0.4868850580692391,0.004247585482686013,0.007748888192455316,0.07248511796859096,0.039066612267592345,
0.2,0.15,0.625,-0.825,0.0,0.0,6.069708517540586,0.0,0.0,,,
0.2,0.15,0.75,-0.825,0.0034512832390597363,0.9451198165407126,0.33598678234336715,0.003651688539528343,0.010272080392533542,0.059526469979310666,0.03291315763002054,
0.2,0.15,0.75,-1.0,0.0,0.0,6.069708517540586,0.0,0.0,,,
0.2,0.15,0.75,-0.65,0.004250606774932385,0.8791798766334432,0.5074756211877439,0.004834740693635309,0.008375982209714554,0.07904655405440938,0.042648895677238195,
0.2,0.15,0.75,-0.4750000000000001,0.006004735156237626,0.8256538790319712,0.6189985683621659,0.007272702564603445,0.009700725434835503,0.2733943902874744,0.14081915100008535,
0.2,0.15,0.75,-0.3,0.004872714403895321,0.7708277515277477,0.7215127532873108,0.006321404919612403,0.006753469542561192,0.5357798314987511,0.2711370311337715,
0.2,0.15,0.625,-1.0,0.0,0.0,6.069708517540586,0.0,0.0,,,
0.2,0.15,0.875,-1.0,0.0017818105713368975,0.9419680450966376,0.3457858203217724,0.001891582800176912,0.005152931284686071,0.04590046101086873,0.024548291602424655,
0.2,0.15,0.875,-0.825,0.0009190021654246884,0.8728633947081376,0.5214905596988292,0.0010528590847865577,0.0017622604059322373,0.0931040348644018,0.047220327238823315,
0.2,0.15,0.875,-0.65,0.00034041693962797456,0.8173200213399848,0.6351764252490715,0.0004165038498687787,0.0005359407655825498,0.2895099137256104,0.14498709617088235,
0.2,0.15,0.875,-0.4750000000000001,0.0005384561099274156,0.761134322419406,0.7388442539255125,0.0007074389986007245,0.0007287816167840167,0.5571102967031051,0.27891313637448956,
0.2,0.15,1.0,-1.0,0.002201801418818394,0.8650315644665063,0.5384965560577556,0.0025453422554850874,0.004088793872587447,0.11818526024513644,0.06067399157373123,
0.2,0.15,1.0,-0.825,0.0025333144038082044,0.8102530969357992,0.6487042506845829,0.0031265716627593663,0.0039051916202719143,0.34043035274386213,0.17193418619481327,
0.2,0.15,1.0,-0.65,0.001555651777026255,0.7510482743218246,0.756683997337675,0.002071307277442175,0.0020558803708016515,0.5958545830233842,0.2989598597690851,
0.2,0.15,1.0,-0.4750000000000001,0.00013397713654157475,0.6913293249098633,0.8592310079577036,0.0001937964003206126,0.00015592679419242967,0.8492490949253704,0.42471387174161984,
0.2,0.2,0.5,-0.825,0.0,0.0,6.069708517540586,0.0,0.0,,,
0.2,0.15,1.0,-0.3,0.0007735577978603789,0.6318315225338567,0.958261428646476,0.0012243102124994494,0.000807251314448723,1.1267772898074706,0.5639173882303748,
0.2,0.2,0.5,-1.0,0.0,0.0,6.069708517540586,0.0,0.0,,,
0.2,0.2,0.5,-0.4750000000000001,0.0,0.0,6.069708517540586,0.0,0.0,,,
0.2,0.2,0.5,-0.65,0.0,0.0,6.069708517540586,0.0,0.0,,,
0.2,0.2,0.625,-0.825,0.0,0.0,6.069708517540586,0.0,0.0,,,
0.2,0.2,0.5,-0.3,0.0015567448489513858,0.9414843664509882,0.3472679810726748,0.0016535004593699987,0.004482834392456115,0.05059938597682438,0.026692310004714413,
0.2,0.2,0.625,-0.65,0.0,0.0,6.069708517540586,0.0,0.0,,,
0.2,0.2,0.625,-0.4750000000000001,0.005510675690756947,0.9633946381026312,0.27310122672667625,0.005720060518926497,0.020178143309008686,0.13818986440719425,0.0748465790210768,
0.2,0.2,0.625,-1.0,0.0,0.0,6.069708517540586,0.0,0.0,,,
0.2,0.2,0.625,-0.3,0.000357072357179979,0.8877920036850383,0.4878888853963252,0.00040220271378410647,0.0007318722927863371,0.09633246013925888,0.04843326534232194,
0.2,0.15,0.875,-0.3,0.001726861650800327,0.7002111876406907,0.8442431859707786,0.0024662011356271626,0.0020454552426320653,0.8209917287299512,0.41164481575419015,
0.2,0.2,0.75,-1.0,0.0,0.0,6.069708517540586,0.0,0.0,,,
0.2,0.2,0.75,-0.65,0.0062169344840837335,0.9878234151241791,0.15653317039173517,0.006293568593296118,0.03971640303793389,0.41167443181093666,0.21566856709104396,
0.2,0.2,0.75,-0.4750000000000001,0.0035439116067949375,0.90949601707504,0.4355792678382285,0.0038965663414630165,0.008136088809697722,0.04763830412692215,0.026615339727839527,
0.2,0.2,0.75,-0.3,0.008488462701765828,0.8315645307666396,0.6073653985503876,0.01020782186544427,0.013975874690961041,0.26867445490210434,0.14019474894887765,
0.2,0.2,0.875,-1.0,0.0,0.0,6.069708517540586,0.0,0.0,,,
0.2,0.2,0.875,-0.825,0.0,0.0,6.069708517540586,0.0,0.0,,,
0.2,0.2,0.875,-0.65,0.0002495361675316273,0.931076822806413,0.3779245372512391,0.000268008137179706,0.0006602804076882128,0.03808969448521099,0.01925730576529705,
0.2,0.2,0.875,-0.4750000000000001,0.0008858146559949934,0.854769253900759,0.5602208729576357,0.001036320201726204,0.0015811882397712435,0.1796312123695001,0.09044273989322217,
0.2,0.2,0.875,-0.3,0.0036583226869153235,0.7684453907810819,0.7257902796347653,0.004760680047270557,0.005040468010616341,0.5369071983070325,0.27088989676982067,
0.2,0.2,0.75,-0.825,0.0,0.0,6.069708517540586,0.0,0.0,,,
0.2,0.2,1.0,-1.0,0.0,0.0,6.069708517540586,0.0,0.0,,,
0.2,0.2,1.0,-0.4750000000000001,0.004063120176868622,0.7932879100242624,0.6805424987318628,0.0051218732496826035,0.005970413580988587,0.4386893404982169,0.22207531494021093,
0.2,0.2,1.0,-0.825,0.003871589764196184,0.9527678110593341,0.31107566455425373,0.004063518601931329,0.01244581368891025,0.08390258467137315,0.045659510654048024,
0.2,0.2,1.0,-0.65,0.003994831105490106,0.8783064834393691,0.5094303973963874,0.004548333793874968,0.007841760377682628,0.11978044909596693,0.06282307676168247,
0.2,0.2,1.0,-0.3,0.00130906547239337,0.7020300323339931,0.8411647645074681,0.0018646858303117714,0.0015562533377867704,0.8565934868359525,0.42916739983462715,
0.2,0.25,0.5,-1.0,0.0,0.0,6.069708517540586,0.0,0.0,,,
0.2,0.25,0.5,-0.825,0.0,0.0,6.069708517540586,0.0,0.0,,,
0.2,0.25,0.5,-0.65,0.0,0.0,6.069708517540586,0.0,0.0,,,
0.2,0.25,0.5,-0.4750000000000001,0.0,0.0,6.069708517540586,0.0,0.0,,,
0.2,0.25,0.625,-1.0,0.0,0.0,6.069708517540586,0.0,0.0,,,
0.2,0.25,0.5,-0.3,0.0013883624618581242,0.9789823567399699,0.20611476470839524,0.001418169018183032,0.006735870978589701,0.27736735497335196,0.14045630238784884,
0.2,0.25,0.625,-0.4750000000000001,0.0,0.0,6.069708517540586,0.0,0.0,,,
0.2,0.25,0.625,-0.65,0.0,0.0,6.069708517540586,0.0,0.0,,,
0.2,0.25,0.625,-0.3,0.0008104307952045295,0.9379256101291863,0.3580073444988704,0.0008640672328504086,0.0022637267297936302,0.053202865547568104,0.0273133982895979,
0.2,0.25,0.75,-1.0,0.0,0.0,6.069708517540586,0.0,0.0,,,
0.2,0.25,0.75,-0.65,0.0,0.0,6.069708517540586,0.0,0.0,,,
0.2,0.25,0.75,-0.4750000000000001,0.0046605306715974265,0.9739023027638826,0.22997510853604738,0.0047854190410238275,0.020265370027499792,0.21666801586556758,0.1138227076505909,
0.2,0.25,0.75,-0.825,0.0,0.0,6.069708517540586,0.0,0.0,,,
0.2,0.25,0.625,-0.825,0.0,0.0,6.069708517540586,0.0,0.0,,,
0.2,0.25,0.75,-0.3,0.0016787676098475703,0.8921186900069141,0.4778202245588988,0.0018817760571934647,0.0035133875117934364,0.09883986331150321,0.05068714197526833,
0.2,0.25,0.875,-1.0,0.0,0.0,6.069708517540586,0.0,0.0,,,
0.2,0.25,1.0,-0.825,0.0,0.0,6.069708517540586,0.0,0.0,,,
0.2,0.25,0.875,-0.65,0.005244340275520279,0.9931755002167217,0.11702891186446789,0.005280376148598253,0.044812347581201055,0.5500013927992536,0.2855472787604465,
0.2,0.25,0.875,-0.4750000000000001,0.0012760793590480136,0.9358545677903123,0.364129592820117,0.0013635444964761737,0.0035044648504534135,0.05283102068716583,0.02752546666261645,
0.2,0.25,0.875,-0.3,0.0049702625680551685,0.8410027874608763,0.5884900894052429,0.00590992394206202,0.008445788055799479,0.2595857627548643,0.13325501617121063,
0.2,0.25,1.0,-1.0,0.0,0.0,6.069708517540586,0.0,0.0,,,
0.2,0.3,0.5,-1.0,0.0,0.0,6.069708517540586,0.0,0.0,,,
0.2,0.25,1.0,-0.3,0.002063863880477436,0.7806144130012288,0.7038095588893835,0.0026438966789039038,0.002932418087265294,0.5367496539636195,0.26975447960293397,
0.2,0.25,1.0,-0.65,0.0003038657318100658,0.9690015987616363,0.25095420643624267,0.0003135864059074162,0.0012108413567766428,0.17701699800768564,0.08884474319697037,
0.2,0.3,0.5,-0.825,0.0,0.0,6.069708517540586,0.0,0.0,,,
0.2,0.25,1.0,-0.4750000000000001,9.011287759831267e-05,0.8937432861089,0.4739972275430016,0.00010082635359687518,0.00019011266809601228,0.10086116951612119,0.05049885519775886,
0.2,0.3,0.5,-0.4750000000000001,0.0,0.0,6.069708517540586,0.0,0.0,,,
0.2,0.25,0.875,-0.825,0.0,0.0,6.069708517540586,0.0,0.0,,,
0.2,0.3,0.5,-0.65,0.0,0.0,6.069708517540586,0.0,0.0,,,
0.2,0.3,0.625,-1.0,0.0,0.0,6.069708517540586,0.0,0.0,,,
0.2,0.3,0.5,-0.3,0.008609427120280103,0.9938158570487976,0.11138522256689147,0.008663000265679366,0.07729415915212436,0.5644782803414575,0.3002968720808574,
0.2,0.3,0.625,-0.825,0.0,0.0,6.069708517540586,0.0,0.0,,,
0.2,0.3,0.625,-0.65,0.0,0.0,6.069708517540586,0.0,0.0,,,
0.2,0.3,0.75,-0.825,0.0,0.0,6.069708517540586,0.0,0.0,,,
0.2,0.3,0.625,-0.4750000000000001,0.0,0.0,6.069708517540586,0.0,0.0,,,
0.2,0.3,0.625,-0.3,0.002311747872113876,0.9707553814545397,0.2436421822241965,0.0023813907112584243,0.009488290783681434,0.19039879862592646,0.09781147468307705,
0.2,0.3,0.875,-0.825,0.0,0.0,6.069708517540586,0.0,0.0,,,
0.2,0.3,0.875,-0.65,0.005819471372271831,0.9992555508891325,0.03859316891003559,0.005823806841859049,0.1507901925814276,0.842025340053754,0.4529178505957202,
0.2,0.3,0.75,-0.65,0.0,0.0,6.069708517540586,0.0,0.0,,,
0.2,0.3,0.875,-1.0,0.0,0.0,6.069708517540586,0.0,0.0,,,
0.2,0.3,1.0,-1.0,0.0,0.0,6.069708517540586,0.0,0.0,,,
0.2,0.3,0.75,-0.4750000000000001,0.003190639841370838,0.9929772632724072,0.11872238318885064,0.003213205304141475,0.026874796105596326,0.543719043591676,0.2781984426081997,
0.2,0.3,0.75,-0.3,0.002222463140971618,0.9384613271384891,0.3564088109093535,0.00236819893694102,0.0062357132398078215,0.06178515059031007,0.0328501776241989,
0.2,0.3,0.75,-1.0,0.0,0.0,6.069708517540586,0.0,0.0,,,
0.2,0.3,1.0,-0.65,0.00036358819052002877,0.9927100126592027,0.1209684179840238,0.00036625820453194775,0.0030056455774105234,0.530852546498366,0.2661372798260247,
0.2,0.3,1.0,-0.4750000000000001,0.002754015189121796,0.9544780739931081,0.3052559476883991,0.002885362414609073,0.009021986991496905,0.09839940034598565,0.05186970629567493,
0.2,0.3,0.875,-0.3,0.004068120048260765,0.9006619143390021,0.457439207975582,0.004516811400955323,0.008893247402784766,0.08636691544564733,0.046317150623667216,
0.2,0.3,0.875,-0.4750000000000001,0.003634910688560748,0.9776035663220262,0.2128428166712979,0.0037181847290658795,0.01707791103974297,0.25772890657870295,0.13339549091601982,
0.2,0.3,1.0,-0.825,0.0,0.0,6.069708517540586,0.0,0.0,,,
0.2,0.3,1.0,-0.3,0.0012230414659321251,0.8542979882698025,0.5612044225602022,0.0014316333040802313,0.0021793154450790624,0.2617711840039071,0.13175094508219343,
