composite_error,center_error,pva_magnitude,circular_std,cwce,angular_Zscore,nmse,error_message,sigma_exc,sigma_inh,g_exc,g_inh
,0.0,0.0,6.069708517540586,0.0,0.0,,,0.05,0.1,0.5 mV,-300. uV
,0.0,0.0,6.069708517540586,0.0,0.0,,,0.05,0.1,0.75 mV,-0.65 mV
,0.0,0.0,6.069708517540586,0.0,0.0,,,0.05,0.1,0.5 mV,-1. mV
,0.0,0.0,6.069708517540586,0.0,0.0,,,0.05,0.1,0.875 mV,-1. mV
,0.0,0.0,6.069708517540586,0.0,0.0,,,0.05,0.1,0.875 mV,-0.825 mV
,0.0,0.0,6.069708517540586,0.0,0.0,,,0.05,0.1,0.5 mV,-0.65 mV
,0.0,0.0,6.069708517540586,0.0,0.0,,,0.05,0.1,0.625 mV,-0.475 mV
,0.0,0.0,6.069708517540586,0.0,0.0,,,0.05,0.1,1. mV,-0.825 mV
,0.0,0.0,6.069708517540586,0.0,0.0,,,0.05,0.1,0.875 mV,-300. uV
,0.0,0.0,6.069708517540586,0.0,0.0,,,0.05,0.1,0.625 mV,-0.825 mV
,0.0,0.0,6.069708517540586,0.0,0.0,,,0.05,0.1,0.625 mV,-300. uV
,0.0,0.0,6.069708517540586,0.0,0.0,,,0.05,0.1,0.75 mV,-300. uV
,0.0,0.0,6.069708517540586,0.0,0.0,,,0.05,0.1,0.625 mV,-0.65 mV
,0.0,0.0,6.069708517540586,0.0,0.0,,,0.05,0.1,0.5 mV,-0.475 mV
,0.0,0.0,6.069708517540586,0.0,0.0,,,0.05,0.1,0.75 mV,-0.475 mV
,0.0,0.0,6.069708517540586,0.0,0.0,,,0.05,0.1,0.625 mV,-1. mV
,0.0,0.0,6.069708517540586,0.0,0.0,,,0.05,0.1,0.875 mV,-0.65 mV
,0.0,0.0,6.069708517540586,0.0,0.0,,,0.05,0.1,1. mV,-1. mV
,0.0,0.0,6.069708517540586,0.0,0.0,,,0.05,0.1,0.75 mV,-0.825 mV
,0.0,0.0,6.069708517540586,0.0,0.0,,,0.05,0.1,0.875 mV,-0.475 mV
,0.0,0.0,6.069708517540586,0.0,0.0,,,0.05,0.1,0.5 mV,-0.825 mV
,0.0,0.0,6.069708517540586,0.0,0.0,,,0.05,0.1,0.75 mV,-1. mV
,0.0,0.0,6.069708517540586,0.0,0.0,,,0.05,0.1,1. mV,-0.65 mV
,0.0,0.0,6.069708517540586,0.0,0.0,,,0.05,0.1,1. mV,-0.475 mV
,0.0,0.0,6.069708517540586,0.0,0.0,,,0.05,0.15,0.5 mV,-0.825 mV
,0.0,0.0,6.069708517540586,0.0,0.0,,,0.05,0.1,1. mV,-300. uV
,0.0,0.0,6.069708517540586,0.0,0.0,,,0.05,0.15,0.5 mV,-300. uV
,0.0,0.0,6.069708517540586,0.0,0.0,,,0.05,0.15,0.5 mV,-1. mV
,0.0,0.0,6.069708517540586,0.0,0.0,,,0.05,0.15,0.5 mV,-0.65 mV
,0.0,0.0,6.069708517540586,0.0,0.0,,,0.05,0.15,0.625 mV,-0.65 mV
,0.0,0.0,6.069708517540586,0.0,0.0,,,0.05,0.15,0.625 mV,-0.475 mV
,0.0,0.0,6.069708517540586,0.0,0.0,,,0.05,0.15,0.625 mV,-300. uV
,0.0,0.0,6.069708517540586,0.0,0.0,,,0.05,0.15,0.75 mV,-0.825 mV
,0.0,0.0,6.069708517540586,0.0,0.0,,,0.05,0.15,0.5 mV,-0.475 mV
,0.0,0.0,6.069708517540586,0.0,0.0,,,0.05,0.15,0.625 mV,-0.825 mV
,0.0,0.0,6.069708517540586,0.0,0.0,,,0.05,0.15,0.625 mV,-1. mV
,0.0,0.0,6.069708517540586,0.0,0.0,,,0.05,0.15,0.75 mV,-1. mV
,0.0,0.0,6.069708517540586,0.0,0.0,,,0.05,0.15,0.75 mV,-0.65 mV
,0.0,0.0,6.069708517540586,0.0,0.0,,,0.05,0.15,0.875 mV,-0.825 mV
,0.0,0.0,6.069708517540586,0.0,0.0,,,0.05,0.15,0.75 mV,-300. uV
,0.0,0.0,6.069708517540586,0.0,0.0,,,0.05,0.15,0.875 mV,-1. mV
,0.0,0.0,6.069708517540586,0.0,0.0,,,0.05,0.15,0.75 mV,-0.475 mV
,0.0,0.0,6.069708517540586,0.0,0.0,,,0.05,0.15,0.875 mV,-300. uV
,0.0,0.0,6.069708517540586,0.0,0.0,,,0.05,0.15,1. mV,-1. mV
,0.0,0.0,6.069708517540586,0.0,0.0,,,0.05,0.15,1. mV,-0.825 mV
,0.0,0.0,6.069708517540586,0.0,0.0,,,0.05,0.15,1. mV,-0.475 mV
,0.0,0.0,6.069708517540586,0.0,0.0,,,0.05,0.15,1. mV,-0.65 mV
,0.0,0.0,6.069708517540586,0.0,0.0,,,0.05,0.15,1. mV,-300. uV
,0.0,0.0,6.069708517540586,0.0,0.0,,,0.05,0.2,0.5 mV,-0.475 mV
,0.0,0.0,6.069708517540586,0.0,0.0,,,0.05,0.2,0.5 mV,-1. mV
,0.0,0.0,6.069708517540586,0.0,0.0,,,0.05,0.2,0.5 mV,-0.65 mV
,0.0,0.0,6.069708517540586,0.0,0.0,,,0.05,0.2,0.5 mV,-300. uV
,0.0,0.0,6.069708517540586,0.0,0.0,,,0.05,0.2,0.5 mV,-0.825 mV
,0.0,0.0,6.069708517540586,0.0,0.0,,,0.05,0.2,0.625 mV,-0.825 mV
,0.0,0.0,6.069708517540586,0.0,0.0,,,0.05,0.2,0.625 mV,-0.65 mV
,0.0,0.0,6.069708517540586,0.0,0.0,,,0.05,0.2,0.625 mV,-1. mV
,0.0,0.0,6.069708517540586,0.0,0.0,,,0.05,0.2,0.75 mV,-1. mV
,0.0,0.0,6.069708517540586,0.0,0.0,,,0.05,0.2,0.625 mV,-300. uV
,0.0,0.0,6.069708517540586,0.0,0.0,,,0.05,0.2,0.625 mV,-0.475 mV
,0.0,0.0,6.069708517540586,0.0,0.0,,,0.05,0.15,0.875 mV,-0.65 mV
,0.0,0.0,6.069708517540586,0.0,0.0,,,0.05,0.2,0.75 mV,-0.475 mV
,0.0,0.0,6.069708517540586,0.0,0.0,,,0.05,0.2,0.75 mV,-0.65 mV
,0.0,0.0,6.069708517540586,0.0,0.0,,,0.05,0.2,0.75 mV,-0.825 mV
,0.0,0.0,6.069708517540586,0.0,0.0,,,0.05,0.2,0.75 mV,-300. uV
,0.0,0.0,6.069708517540586,0.0,0.0,,,0.05,0.2,0.875 mV,-1. mV
,0.0,0.0,6.069708517540586,0.0,0.0,,,0.05,0.2,0.875 mV,-0.825 mV
,0.0,0.0,6.069708517540586,0.0,0.0,,,0.05,0.2,0.875 mV,-0.65 mV
,0.0,0.0,6.069708517540586,0.0,0.0,,,0.05,0.15,0.875 mV,-0.475 mV
,0.0,0.0,6.069708517540586,0.0,0.0,,,0.05,0.2,0.875 mV,-0.475 mV
,0.0,0.0,6.069708517540586,0.0,0.0,,,0.05,0.2,0.875 mV,-300. uV
,0.0,0.0,6.069708517540586,0.0,0.0,,,0.05,0.2,1. mV,-1. mV
,0.0,0.0,6.069708517540586,0.0,0.0,,,0.05,0.2,1. mV,-0.825 mV
,0.0,0.0,6.069708517540586,0.0,0.0,,,0.05,0.2,1. mV,-0.475 mV
,0.0,0.0,6.069708517540586,0.0,0.0,,,0.05,0.2,1. mV,-0.65 mV
,0.0,0.0,6.069708517540586,0.0,0.0,,,0.05,0.2,1. mV,-300. uV
,0.0,0.0,6.069708517540586,0.0,0.0,,,0.05,0.25,0.5 mV,-1. mV
,0.0,0.0,6.069708517540586,0.0,0.0,,,0.05,0.25,0.5 mV,-0.825 mV
,0.0,0.0,6.069708517540586,0.0,0.0,,,0.05,0.25,0.5 mV,-0.475 mV
,0.0,0.0,6.069708517540586,0.0,0.0,,,0.05,0.25,0.5 mV,-0.65 mV
,0.0,0.0,6.069708517540586,0.0,0.0,,,0.05,0.25,0.625 mV,-1. mV
,0.0,0.0,6.069708517540586,0.0,0.0,,,0.05,0.25,0.5 mV,-300. uV
,0.0,0.0,6.069708517540586,0.0,0.0,,,0.05,0.25,0.625 mV,-0.475 mV
,0.0,0.0,6.069708517540586,0.0,0.0,,,0.05,0.25,0.625 mV,-300. uV
,0.0,0.0,6.069708517540586,0.0,0.0,,,0.05,0.25,0.75 mV,-1. mV
,0.0,0.0,6.069708517540586,0.0,0.0,,,0.05,0.25,0.625 mV,-0.65 mV
,0.0,0.0,6.069708517540586,0.0,0.0,,,0.05,0.25,0.75 mV,-0.825 mV
,0.0,0.0,6.069708517540586,0.0,0.0,,,0.05,0.25,0.75 mV,-0.65 mV
,0.0,0.0,6.069708517540586,0.0,0.0,,,0.05,0.25,0.75 mV,-0.475 mV
,0.0,0.0,6.069708517540586,0.0,0.0,,,0.05,0.25,0.875 mV,-1. mV
,0.0,0.0,6.069708517540586,0.0,0.0,,,0.05,0.25,0.875 mV,-0.825 mV
,0.0,0.0,6.069708517540586,0.0,0.0,,,0.05,0.25,0.875 mV,-0.65 mV
,0.0,0.0,6.069708517540586,0.0,0.0,,,0.05,0.25,1. mV,-1. mV
,0.0,0.0,6.069708517540586,0.0,0.0,,,0.05,0.25,0.875 mV,-300. uV
,0.0,0.0,6.069708517540586,0.0,0.0,,,0.05,0.25,0.875 mV,-0.475 mV
,0.0,0.0,6.069708517540586,0.0,0.0,,,0.05,0.25,1. mV,-0.825 mV
,0.0,0.0,6.069708517540586,0.0,0.0,,,0.05,0.25,1. mV,-300. uV
,0.0,0.0,6.069708517540586,0.0,0.0,,,0.05,0.25,1. mV,-0.475 mV
,0.0,0.0,6.069708517540586,0.0,0.0,,,0.05,0.25,1. mV,-0.65 mV
,0.0,0.0,6.069708517540586,0.0,0.0,,,0.05,0.3,0.5 mV,-1. mV
,0.0,0.0,6.069708517540586,0.0,0.0,,,0.05,0.25,0.625 mV,-0.825 mV
,0.0,0.0,6.069708517540586,0.0,0.0,,,0.05,0.3,0.5 mV,-0.825 mV
,0.0,0.0,6.069708517540586,0.0,0.0,,,0.05,0.3,0.625 mV,-1. mV
,0.0,0.0,6.069708517540586,0.0,0.0,,,0.05,0.3,0.625 mV,-0.65 mV
,0.0,0.0,6.069708517540586,0.0,0.0,,,0.05,0.3,0.5 mV,-0.65 mV
,0.0,0.0,6.069708517540586,0.0,0.0,,,0.05,0.3,0.5 mV,-0.475 mV
,0.0,0.0,6.069708517540586,0.0,0.0,,,0.05,0.3,0.625 mV,-0.475 mV
,0.0,0.0,6.069708517540586,0.0,0.0,,,0.05,0.3,0.5 mV,-300. uV
,0.0,0.0,6.069708517540586,0.0,0.0,,,0.05,0.3,0.625 mV,-0.825 mV
,0.0,0.0,6.069708517540586,0.0,0.0,,,0.05,0.3,0.625 mV,-300. uV
,0.0,0.0,6.069708517540586,0.0,0.0,,,0.05,0.25,0.75 mV,-300. uV
,0.0,0.0,6.069708517540586,0.0,0.0,,,0.05,0.3,0.75 mV,-1. mV
,0.0,0.0,6.069708517540586,0.0,0.0,,,0.05,0.3,0.75 mV,-0.825 mV
,0.0,0.0,6.069708517540586,0.0,0.0,,,0.05,0.3,0.75 mV,-0.65 mV
,0.0,0.0,6.069708517540586,0.0,0.0,,,0.05,0.3,0.875 mV,-0.825 mV
,0.0,0.0,6.069708517540586,0.0,0.0,,,0.05,0.3,0.75 mV,-0.475 mV
,0.0,0.0,6.069708517540586,0.0,0.0,,,0.05,0.3,0.875 mV,-1. mV
,0.0,0.0,6.069708517540586,0.0,0.0,,,0.05,0.3,0.75 mV,-300. uV
,0.0,0.0,6.069708517540586,0.0,0.0,,,0.05,0.3,0.875 mV,-0.65 mV
,0.0,0.0,6.069708517540586,0.0,0.0,,,0.05,0.3,0.875 mV,-0.475 mV
,0.0,0.0,6.069708517540586,0.0,0.0,,,0.05,0.3,1. mV,-0.475 mV
,0.0,0.0,6.069708517540586,0.0,0.0,,,0.05,0.3,1. mV,-300. uV
,0.0,0.0,6.069708517540586,0.0,0.0,,,0.05,0.3,0.875 mV,-300. uV
,0.0,0.0,6.069708517540586,0.0,0.0,,,0.05,0.3,1. mV,-1. mV
,0.0,0.0,6.069708517540586,0.0,0.0,,,0.08750000000000001,0.1,0.5 mV,-0.65 mV
,0.0,0.0,6.069708517540586,0.0,0.0,,,0.08750000000000001,0.1,0.625 mV,-1. mV
,0.0,0.0,6.069708517540586,0.0,0.0,,,0.05,0.3,1. mV,-0.65 mV
,0.0,0.0,6.069708517540586,0.0,0.0,,,0.08750000000000001,0.1,0.5 mV,-1. mV
,0.0,0.0,6.069708517540586,0.0,0.0,,,0.08750000000000001,0.1,0.5 mV,-300. uV
,0.0,0.0,6.069708517540586,0.0,0.0,,,0.08750000000000001,0.1,0.5 mV,-0.825 mV
,0.0,0.0,6.069708517540586,0.0,0.0,,,0.08750000000000001,0.1,0.5 mV,-0.475 mV
,0.0,0.0,6.069708517540586,0.0,0.0,,,0.08750000000000001,0.1,0.625 mV,-0.65 mV
,0.0,0.0,6.069708517540586,0.0,0.0,,,0.08750000000000001,0.1,0.625 mV,-0.475 mV
0.17801345156387874,2.4890693349681593e-16,0.9843628420746031,0.17754265850153494,2.528609576968795e-16,1.401955651659142e-15,0.35602690312775676,,0.08750000000000001,0.1,0.625 mV,-300. uV
,0.0,0.0,6.069708517540586,0.0,0.0,,,0.08750000000000001,0.1,0.75 mV,-1. mV
,0.0,0.0,6.069708517540586,0.0,0.0,,,0.08750000000000001,0.1,0.875 mV,-0.825 mV
,0.0,0.0,6.069708517540586,0.0,0.0,,,0.08750000000000001,0.1,0.75 mV,-0.65 mV
,0.0,0.0,6.069708517540586,0.0,0.0,,,0.08750000000000001,0.1,0.75 mV,-0.825 mV
,0.0,0.0,6.069708517540586,0.0,0.0,,,0.08750000000000001,0.1,0.75 mV,-0.475 mV
0.0901276684813583,0.0013156273703721355,0.9689848440183741,0.2510230975090635,0.0013577378066501628,0.005241061015608866,0.17734426987248295,,0.08750000000000001,0.1,0.75 mV,-300. uV
,0.0,0.0,6.069708517540586,0.0,0.0,,,0.08750000000000001,0.1,0.875 mV,-0.65 mV
,0.0,0.0,6.069708517540586,0.0,0.0,,,0.08750000000000001,0.1,0.875 mV,-1. mV
0.14437399387020727,0.0062956496439591485,0.978419876701825,0.20888450913353449,0.006434507034787772,0.030139380225340223,0.2728315314294058,,0.08750000000000001,0.1,0.875 mV,-0.475 mV
,0.0,0.0,6.069708517540586,0.0,0.0,,,0.08750000000000001,0.1,1. mV,-0.825 mV
,0.0,0.0,6.069708517540586,0.0,0.0,,,0.08750000000000001,0.1,1. mV,-1. mV
,0.0,0.0,6.069708517540586,0.0,0.0,,,0.05,0.3,1. mV,-0.825 mV
0.05574798701959517,0.0008925559952406838,0.957285061134446,0.295479447384469,0.0009323826539809568,0.0030207041577389867,0.10972826278370618,,0.08750000000000001,0.1,0.875 mV,-300. uV
0.25182978839465,0.0042825308092501145,0.9907571769865757,0.13627760528439006,0.004322482708680205,0.03142505182941204,0.48849606643232707,,0.08750000000000001,0.1,1. mV,-0.65 mV
0.082757407971146,0.002828382902276161,0.9660894078481969,0.26267426213184514,0.0029276616118784453,0.010767643846493416,0.15945116143656757,,0.08750000000000001,0.1,1. mV,-0.475 mV
0.04193630747940405,0.0002456473926128821,0.9484328889598507,0.32540509057190964,0.000259003449671858,0.0007548972026871156,0.08341525400793014,,0.08750000000000001,0.1,1. mV,-300. uV
,0.0,0.0,6.069708517540586,0.0,0.0,,,0.08750000000000001,0.15,0.5 mV,-1. mV
,0.0,0.0,6.069708517540586,0.0,0.0,,,0.08750000000000001,0.15,0.5 mV,-0.825 mV
,0.0,0.0,6.069708517540586,0.0,0.0,,,0.08750000000000001,0.15,0.5 mV,-0.65 mV
,0.0,0.0,6.069708517540586,0.0,0.0,,,0.08750000000000001,0.1,0.625 mV,-0.825 mV
,0.0,0.0,6.069708517540586,0.0,0.0,,,0.08750000000000001,0.15,0.5 mV,-0.475 mV
,0.0,0.0,6.069708517540586,0.0,0.0,,,0.08750000000000001,0.15,0.625 mV,-0.825 mV
,0.0,0.0,6.069708517540586,0.0,0.0,,,0.08750000000000001,0.15,0.625 mV,-1. mV
,0.0,0.0,6.069708517540586,0.0,0.0,,,0.08750000000000001,0.15,0.5 mV,-300. uV
,0.0,0.0,6.069708517540586,0.0,0.0,,,0.08750000000000001,0.15,0.75 mV,-0.825 mV
,0.0,0.0,6.069708517540586,0.0,0.0,,,0.08750000000000001,0.15,0.625 mV,-0.65 mV
,0.0,0.0,6.069708517540586,0.0,0.0,,,0.08750000000000001,0.15,0.625 mV,-0.475 mV
,0.0,0.0,6.069708517540586,0.0,0.0,,,0.08750000000000001,0.15,0.625 mV,-300. uV
,0.0,0.0,6.069708517540586,0.0,0.0,,,0.08750000000000001,0.15,0.75 mV,-1. mV
,0.15707963267948968,0.9999999999999998,,0.1570796311086934,,0.9466078045931611,,0.08750000000000001,0.15,0.75 mV,-300. uV
,0.0,0.0,6.069708517540586,0.0,0.0,,,0.08750000000000001,0.15,0.875 mV,-1. mV
,0.0,0.0,6.069708517540586,0.0,0.0,,,0.08750000000000001,0.15,0.75 mV,-0.475 mV
,0.0,0.0,6.069708517540586,0.0,0.0,,,0.08750000000000001,0.15,0.75 mV,-0.65 mV
,0.0,0.0,6.069708517540586,0.0,0.0,,,0.08750000000000001,0.15,0.875 mV,-0.65 mV
,0.0,0.0,6.069708517540586,0.0,0.0,,,0.08750000000000001,0.15,0.875 mV,-0.475 mV
,0.0,0.0,6.069708517540586,0.0,0.0,,,0.08750000000000001,0.15,1. mV,-1. mV
0.13919521311747504,0.0005654359971666745,0.9782916032341051,0.20951124242416666,0.0005779830773540176,0.002698833678919813,0.27696410291696977,,0.08750000000000001,0.15,0.875 mV,-300. uV
,0.0,0.0,6.069708517540586,0.0,0.0,,,0.08750000000000001,0.15,1. mV,-0.825 mV
,0.0,0.0,6.069708517540586,0.0,0.0,,,0.08750000000000001,0.15,1. mV,-0.65 mV
,0.0,0.0,6.069708517540586,0.0,0.0,,,0.08750000000000001,0.15,1. mV,-0.475 mV
,0.0,0.0,6.069708517540586,0.0,0.0,,,0.08750000000000001,0.2,0.5 mV,-1. mV
,0.0,0.0,6.069708517540586,0.0,0.0,,,0.08750000000000001,0.2,0.5 mV,-0.825 mV
,0.0,0.0,6.069708517540586,0.0,0.0,,,0.08750000000000001,0.2,0.5 mV,-300. uV
,0.0,0.0,6.069708517540586,0.0,0.0,,,0.08750000000000001,0.2,0.5 mV,-0.65 mV
,0.0,0.0,6.069708517540586,0.0,0.0,,,0.08750000000000001,0.2,0.5 mV,-0.475 mV
,0.0,0.0,6.069708517540586,0.0,0.0,,,0.08750000000000001,0.2,0.625 mV,-300. uV
,0.0,0.0,6.069708517540586,0.0,0.0,,,0.08750000000000001,0.2,0.625 mV,-1. mV
,0.0,0.0,6.069708517540586,0.0,0.0,,,0.08750000000000001,0.2,0.75 mV,-1. mV
,0.0,0.0,6.069708517540586,0.0,0.0,,,0.08750000000000001,0.2,0.625 mV,-0.65 mV
,0.0,0.0,6.069708517540586,0.0,0.0,,,0.08750000000000001,0.2,0.625 mV,-0.825 mV
,0.0,0.0,6.069708517540586,0.0,0.0,,,0.08750000000000001,0.2,0.625 mV,-0.475 mV
,0.0,0.0,6.069708517540586,0.0,0.0,,,0.08750000000000001,0.2,0.75 mV,-0.825 mV
,0.0,0.0,6.069708517540586,0.0,0.0,,,0.08750000000000001,0.15,0.875 mV,-0.825 mV
,0.0,0.0,6.069708517540586,0.0,0.0,,,0.08750000000000001,0.2,0.75 mV,-0.65 mV
,0.0,0.0,6.069708517540586,0.0,0.0,,,0.08750000000000001,0.2,0.75 mV,-0.475 mV
,0.0,0.0,6.069708517540586,0.0,0.0,,,0.08750000000000001,0.2,0.875 mV,-1. mV
,0.0,0.0,6.069708517540586,0.0,0.0,,,0.08750000000000001,0.2,0.75 mV,-300. uV
,0.0,0.0,6.069708517540586,0.0,0.0,,,0.08750000000000001,0.2,0.875 mV,-0.825 mV
,0.0,0.0,6.069708517540586,0.0,0.0,,,0.08750000000000001,0.2,0.875 mV,-0.65 mV
,0.0,0.0,6.069708517540586,0.0,0.0,,,0.08750000000000001,0.2,1. mV,-1. mV
,0.0,0.0,6.069708517540586,0.0,0.0,,,0.08750000000000001,0.2,0.875 mV,-300. uV
,0.0,0.0,6.069708517540586,0.0,0.0,,,0.08750000000000001,0.2,0.875 mV,-0.475 mV
0.10451517315076939,0.001070953377526157,0.9717065179297346,0.23958900687946463,0.0011021366500520197,0.004469960418780589,0.20658108014399532,,0.08750000000000001,0.15,1. mV,-300. uV
,0.0,0.0,6.069708517540586,0.0,0.0,,,0.08750000000000001,0.2,1. mV,-0.825 mV
,0.0,0.0,6.069708517540586,0.0,0.0,,,0.08750000000000001,0.2,1. mV,-0.65 mV
,0.0,0.0,6.069708517540586,0.0,0.0,,,0.08750000000000001,0.25,0.5 mV,-1. mV
,0.0,0.0,6.069708517540586,0.0,0.0,,,0.08750000000000001,0.2,1. mV,-0.475 mV
0.2044190841139075,0.003853920185866407,0.9862569644437542,0.1663630678228314,0.0039076227451167135,0.023165719629374984,0.397227306728995,,0.08750000000000001,0.2,1. mV,-300. uV
,0.0,0.0,6.069708517540586,0.0,0.0,,,0.08750000000000001,0.25,0.5 mV,-0.65 mV
,0.0,0.0,6.069708517540586,0.0,0.0,,,0.08750000000000001,0.25,0.5 mV,-0.825 mV
,0.0,0.0,6.069708517540586,0.0,0.0,,,0.08750000000000001,0.25,0.5 mV,-0.475 mV
,0.0,0.0,6.069708517540586,0.0,0.0,,,0.08750000000000001,0.25,0.625 mV,-1. mV
,0.0,0.0,6.069708517540586,0.0,0.0,,,0.08750000000000001,0.25,0.5 mV,-300. uV
,0.0,0.0,6.069708517540586,0.0,0.0,,,0.08750000000000001,0.25,0.625 mV,-0.825 mV
,0.0,0.0,6.069708517540586,0.0,0.0,,,0.08750000000000001,0.25,0.625 mV,-0.475 mV
,0.0,0.0,6.069708517540586,0.0,0.0,,,0.08750000000000001,0.25,0.625 mV,-300. uV
,0.0,0.0,6.069708517540586,0.0,0.0,,,0.08750000000000001,0.25,0.75 mV,-1. mV
,0.0,0.0,6.069708517540586,0.0,0.0,,,0.08750000000000001,0.25,0.75 mV,-0.65 mV
,0.0,0.0,6.069708517540586,0.0,0.0,,,0.08750000000000001,0.25,0.75 mV,-0.825 mV
,0.0,0.0,6.069708517540586,0.0,0.0,,,0.08750000000000001,0.25,0.75 mV,-300. uV
,0.0,0.0,6.069708517540586,0.0,0.0,,,0.08750000000000001,0.25,0.75 mV,-0.475 mV
,0.0,0.0,6.069708517540586,0.0,0.0,,,0.08750000000000001,0.25,0.875 mV,-1. mV
,0.0,0.0,6.069708517540586,0.0,0.0,,,0.08750000000000001,0.25,0.875 mV,-300. uV
,0.0,0.0,6.069708517540586,0.0,0.0,,,0.08750000000000001,0.25,1. mV,-1. mV
,0.0,0.0,6.069708517540586,0.0,0.0,,,0.08750000000000001,0.25,0.875 mV,-0.825 mV
,0.0,0.0,6.069708517540586,0.0,0.0,,,0.08750000000000001,0.25,0.875 mV,-0.475 mV
,0.0,0.0,6.069708517540586,0.0,0.0,,,0.08750000000000001,0.25,1. mV,-0.475 mV
,0.0,0.0,6.069708517540586,0.0,0.0,,,0.08750000000000001,0.25,1. mV,-0.825 mV
,0.0,0.0,6.069708517540586,0.0,0.0,,,0.08750000000000001,0.25,1. mV,-0.65 mV
0.33179095075866905,0.00873841261415868,0.9954754219186274,0.09523481422161002,0.008778129860338912,0.09175649352162878,0.6216124261924832,,0.08750000000000001,0.25,1. mV,-300. uV
,0.0,0.0,6.069708517540586,0.0,0.0,,,0.08750000000000001,0.3,0.5 mV,-1. mV
,0.0,0.0,6.069708517540586,0.0,0.0,,,0.08750000000000001,0.3,0.5 mV,-0.825 mV
,0.0,0.0,6.069708517540586,0.0,0.0,,,0.08750000000000001,0.3,0.5 mV,-0.65 mV
,0.0,0.0,6.069708517540586,0.0,0.0,,,0.08750000000000001,0.3,0.5 mV,-0.475 mV
,0.0,0.0,6.069708517540586,0.0,0.0,,,0.08750000000000001,0.3,0.5 mV,-300. uV
,0.0,0.0,6.069708517540586,0.0,0.0,,,0.08750000000000001,0.3,0.625 mV,-300. uV
,0.0,0.0,6.069708517540586,0.0,0.0,,,0.08750000000000001,0.25,0.625 mV,-0.65 mV
,0.0,0.0,6.069708517540586,0.0,0.0,,,0.08750000000000001,0.3,0.625 mV,-1. mV
,0.0,0.0,6.069708517540586,0.0,0.0,,,0.08750000000000001,0.3,0.625 mV,-0.825 mV
,0.0,0.0,6.069708517540586,0.0,0.0,,,0.08750000000000001,0.3,0.625 mV,-0.65 mV
,0.0,0.0,6.069708517540586,0.0,0.0,,,0.08750000000000001,0.3,0.625 mV,-0.475 mV
,0.0,0.0,6.069708517540586,0.0,0.0,,,0.08750000000000001,0.3,0.75 mV,-1. mV
,0.0,0.0,6.069708517540586,0.0,0.0,,,0.08750000000000001,0.3,0.75 mV,-0.65 mV
,0.0,0.0,6.069708517540586,0.0,0.0,,,0.08750000000000001,0.3,0.75 mV,-0.475 mV
,0.0,0.0,6.069708517540586,0.0,0.0,,,0.08750000000000001,0.3,0.875 mV,-0.475 mV
,0.0,0.0,6.069708517540586,0.0,0.0,,,0.08750000000000001,0.3,0.875 mV,-0.825 mV
,0.0,0.0,6.069708517540586,0.0,0.0,,,0.08750000000000001,0.3,0.75 mV,-300. uV
,0.0,0.0,6.069708517540586,0.0,0.0,,,0.08750000000000001,0.3,0.875 mV,-1. mV
,0.0,0.0,6.069708517540586,0.0,0.0,,,0.08750000000000001,0.3,0.875 mV,-0.65 mV
,0.0,0.0,6.069708517540586,0.0,0.0,,,0.08750000000000001,0.25,0.875 mV,-0.65 mV
,0.0,0.0,6.069708517540586,0.0,0.0,,,0.08750000000000001,0.3,0.75 mV,-0.825 mV
,0.0,0.0,6.069708517540586,0.0,0.0,,,0.08750000000000001,0.3,1. mV,-0.65 mV
,0.0,0.0,6.069708517540586,0.0,0.0,,,0.08750000000000001,0.3,1. mV,-0.825 mV
,0.0,0.0,6.069708517540586,0.0,0.0,,,0.08750000000000001,0.3,1. mV,-1. mV
,0.0,0.0,6.069708517540586,0.0,0.0,,,0.08750000000000001,0.3,0.875 mV,-300. uV
,0.0,0.0,6.069708517540586,0.0,0.0,,,0.125,0.1,0.5 mV,-1. mV
,0.0,0.0,6.069708517540586,0.0,0.0,,,0.08750000000000001,0.3,1. mV,-0.475 mV
0.07142632771329392,0.0023930966401608873,0.963564711626925,0.27245410595402747,0.002483586817209619,0.00878348532051371,0.1378491092080566,,0.125,0.1,0.5 mV,-300. uV
0.3673404901883501,0.0010087721971341053,0.9977087696688192,0.06773255041389693,0.0010110888244052121,0.014893462463317074,0.7281169420967302,,0.08750000000000001,0.3,1. mV,-300. uV
,0.0,0.0,6.069708517540586,0.0,0.0,,,0.125,0.1,0.5 mV,-0.65 mV
,0.0,0.0,6.069708517540586,0.0,0.0,,,0.125,0.1,0.625 mV,-0.65 mV
0.6490894388415772,0.02617993877991494,0.9996573249755573,0.026181052214051943,0.026188912804361177,0.9999574717575177,0.8824825412975306,,0.125,0.1,0.5 mV,-0.475 mV
0.07574468840910294,0.004314937928610837,0.9642797597507956,0.2697176630951532,0.004474778030162316,0.015997980551568765,0.14240531777948098,,0.125,0.1,0.625 mV,-0.475 mV
,0.0,0.0,6.069708517540586,0.0,0.0,,,0.125,0.1,0.625 mV,-1. mV
0.03197441644751791,0.004571951249321946,0.9400331800158349,0.3516819466902868,0.004863606198037466,0.01300024437520614,0.05583057142613088,,0.125,0.1,0.625 mV,-300. uV
0.07543246945403285,0.0021350236918005402,0.9653087957380945,0.2657337874186169,0.002211752010454373,0.008034445723069402,0.14632410941256532,,0.125,0.1,0.75 mV,-0.65 mV
,0.0,0.0,6.069708517540586,0.0,0.0,,,0.125,0.1,0.625 mV,-0.825 mV
0.02646652332900699,0.0007475428278976002,0.9401466538039064,0.3513385562828753,0.0007951342664696419,0.002127699378646409,0.05160488634667363,,0.125,0.1,0.75 mV,-0.475 mV
,0.0,0.0,6.069708517540586,0.0,0.0,,,0.125,0.1,0.75 mV,-1. mV
,0.0,0.0,6.069708517540586,0.0,0.0,,,0.125,0.1,0.75 mV,-0.825 mV
0.0870953635579755,0.004657753866712077,0.9673861251628488,0.2575171868374772,0.004814782533479245,0.01808715730360806,0.1640669946744202,,0.125,0.1,0.875 mV,-0.825 mV
0.025955036304104867,0.0013222751719164428,0.9179429838297288,0.4138115235575669,0.0014404763485364258,0.003195356090011099,0.04976764436308344,,0.125,0.1,0.875 mV,-0.475 mV
0.02534870206241195,0.00020555068441250172,0.9399777943934536,0.35184944605399915,0.00021867610432050458,0.0005842006765045621,0.050332518191629774,,0.125,0.1,0.875 mV,-0.65 mV
,0.0,0.0,6.069708517540586,0.0,0.0,,,0.125,0.1,0.875 mV,-1. mV
0.04952923768419641,0.000200520677018585,0.8981658401210284,0.4634663728944333,0.00022325573499767855,0.000432654209120494,0.09875146024374602,,0.125,0.1,0.875 mV,-300. uV
,0.0,0.0,6.069708517540586,0.0,0.0,,,0.125,0.1,0.5 mV,-0.825 mV
0.08654181142260027,0.004704011633235967,0.9678706030534485,0.2555655095680883,0.004860165780212812,0.01840628510938685,0.16280500933331812,,0.125,0.1,1. mV,-1. mV
0.02206986124431287,2.6388941377081927e-05,0.9175379761911533,0.41487660350331995,2.8760598225068192e-05,6.360672343112921e-05,0.04409702344031825,,0.125,0.1,1. mV,-0.65 mV
0.05034043789050615,0.002659628760341389,0.8965278371423534,0.46738832752468207,0.002966588008190542,0.005690404752782231,0.09662476107498508,,0.125,0.1,1. mV,-0.475 mV
0.02517195882648409,0.0002233292218587595,0.9397607075266453,0.35250529625989435,0.00023764477243370984,0.0006335485572225383,0.04994791136661894,,0.125,0.1,1. mV,-0.825 mV
,0.0,0.0,6.069708517540586,0.0,0.0,,,0.125,0.15,0.5 mV,-1. mV
,0.0,0.0,6.069708517540586,0.0,0.0,,,0.125,0.15,0.5 mV,-0.65 mV
,0.0,0.0,6.069708517540586,0.0,0.0,,,0.125,0.15,0.625 mV,-1. mV
0.4315300924979626,0.008712455754245507,0.9984396439207136,0.055884965545808324,0.008726071445613243,0.15589981436248712,0.7954646163835624,,0.125,0.15,0.5 mV,-300. uV
,0.0,0.0,6.069708517540586,0.0,0.0,,,0.125,0.15,0.5 mV,-0.825 mV
,0.0,0.0,6.069708517540586,0.0,0.0,,,0.125,0.15,0.625 mV,-0.65 mV
0.08308390885024661,0.005759980553061051,0.8750326786214626,0.516708883023705,0.0065825890026296,0.011147438610605038,0.15775928885467344,,0.125,0.1,1. mV,-300. uV
,0.0,0.0,6.069708517540586,0.0,0.0,,,0.125,0.15,0.5 mV,-0.475 mV
,0.0,0.0,6.069708517540586,0.0,0.0,,,0.125,0.15,0.625 mV,-0.825 mV
0.028926213251588673,0.0029075376944811874,0.9186568647068454,0.41192862113659345,0.00316498768423087,0.007058353183759626,0.053130092619134976,,0.125,0.1,0.75 mV,-300. uV
,0.0,0.0,6.069708517540586,0.0,0.0,,,0.125,0.15,0.75 mV,-1. mV
,0.0,0.0,6.069708517540586,0.0,0.0,,,0.125,0.15,0.625 mV,-0.475 mV
0.04265409679329687,0.001477253582273028,0.9501985638675599,0.3196382051836442,0.0015546788038843444,0.004621642714531856,0.08252672921845039,,0.125,0.15,0.75 mV,-300. uV
0.0954048448710949,0.0051267121464656186,0.9693468546969085,0.24953063796170208,0.005288831411311799,0.02054542154960733,0.17941822227555979,,0.125,0.15,0.625 mV,-300. uV
,0.0,0.0,6.069708517540586,0.0,0.0,,,0.125,0.15,0.75 mV,-0.825 mV
,0.0,0.0,6.069708517540586,0.0,0.0,,,0.125,0.15,0.75 mV,-0.65 mV
0.1871440597377801,0.002931050964614059,0.9853166878606998,0.17200098148546303,0.002974729821363932,0.017040896739660652,0.36568692288687754,,0.125,0.15,0.75 mV,-0.475 mV
,0.0,0.0,6.069708517540586,0.0,0.0,,,0.125,0.15,0.875 mV,-0.825 mV
0.07496616890775587,4.661913024448125e-05,0.9651004078677817,0.26654501717496293,4.8304952916172135e-05,0.00017490152597330293,0.14983339423337272,,0.125,0.15,0.875 mV,-0.475 mV
,0.0,0.0,6.069708517540586,0.0,0.0,,,0.125,0.15,0.875 mV,-0.65 mV
,0.0,0.0,6.069708517540586,0.0,0.0,,,0.125,0.15,1. mV,-0.825 mV
,0.0,0.0,6.069708517540586,0.0,0.0,,,0.125,0.15,1. mV,-1. mV
,0.0,0.0,6.069708517540586,0.0,0.0,,,0.125,0.15,0.875 mV,-1. mV
,0.0,0.0,6.069708517540586,0.0,0.0,,,0.125,0.2,0.5 mV,-0.475 mV
0.039503695150013514,0.0007152471525783238,0.9474073845485482,0.3287128942597603,0.0007549520477609827,0.0021759023301748267,0.0776840581393005,,0.125,0.15,1. mV,-0.475 mV
,0.0,0.0,6.069708517540586,0.0,0.0,,,0.125,0.2,0.5 mV,-0.65 mV
0.043864858240292695,0.0045271155236544375,0.9095631747376944,0.43540971851335003,0.00497724138313711,0.010397369032348855,0.08058442403776359,,0.125,0.15,1. mV,-300. uV
,0.0,0.0,6.069708517540586,0.0,0.0,,,0.125,0.2,0.5 mV,-1. mV
,0.0,0.0,6.069708517540586,0.0,0.0,,,0.125,0.2,0.5 mV,-0.825 mV
,0.0,0.0,6.069708517540586,0.0,0.0,,,0.125,0.2,0.625 mV,-0.825 mV
,0.0,0.0,6.069708517540586,0.0,0.0,,,0.125,0.2,0.625 mV,-0.475 mV
,0.0,0.0,6.069708517540586,0.0,0.0,,,0.125,0.2,0.625 mV,-1. mV
,0.0,0.0,6.069708517540586,0.0,0.0,,,0.125,0.2,0.625 mV,-0.65 mV
,0.0,0.0,6.069708517540586,0.0,0.0,,,0.125,0.2,0.5 mV,-300. uV
0.27103209695231867,0.007706295424095639,0.9919069783311965,0.12748284477591393,0.0077691714190469205,0.0604496662875822,0.5132228245381762,,0.125,0.2,0.625 mV,-300. uV
,0.0,0.0,6.069708517540586,0.0,0.0,,,0.125,0.2,0.75 mV,-1. mV
,0.0,0.0,6.069708517540586,0.0,0.0,,,0.125,0.2,0.75 mV,-0.65 mV
,0.0,0.0,6.069708517540586,0.0,0.0,,,0.125,0.2,0.75 mV,-0.825 mV
0.14479157661723863,0.0038287317125996964,0.9792701759747854,0.20468362386572858,0.003909780740223904,0.01870560839352407,0.2797550414329333,,0.125,0.15,1. mV,-0.65 mV
,0.0,0.0,6.069708517540586,0.0,0.0,,,0.125,0.2,0.875 mV,-1. mV
,0.0,0.0,6.069708517540586,0.0,0.0,,,0.125,0.2,0.875 mV,-0.825 mV
,0.0,0.0,6.069708517540586,0.0,0.0,,,0.125,0.2,0.75 mV,-0.475 mV
0.02737007023922367,0.00042144416420656993,0.9304911854321716,0.37958573507083815,0.00045292654704897874,0.0011102739783620166,0.054024274958873145,,0.125,0.15,0.875 mV,-300. uV
0.317932649067007,2.293905014408557e-16,0.995632927517724,0.09355881521954715,2.303966580422337e-16,2.451832047066468e-15,0.6358652981340129,,0.125,0.2,0.875 mV,-0.475 mV
,0.0,0.0,6.069708517540586,0.0,0.0,,,0.125,0.2,0.875 mV,-0.65 mV
0.06907002206850453,0.005713042915888054,0.9602811940197805,0.2847072761952333,0.005949343683884468,0.020066374812178774,0.12654388800180688,,0.125,0.2,0.875 mV,-300. uV
,0.0,0.0,6.069708517540586,0.0,0.0,,,0.125,0.2,1. mV,-1. mV
,0.0,0.0,6.069708517540586,0.0,0.0,,,0.125,0.2,1. mV,-0.825 mV
0.17112389513577317,0.0064535840739126035,0.982423624312088,0.1883224052020307,0.006569043993359879,0.034268806555381726,0.32459884125337773,,0.125,0.2,1. mV,-0.475 mV
,0.0,0.0,6.069708517540586,0.0,0.0,,,0.125,0.2,1. mV,-0.65 mV
0.03799885495402343,0.0005484720246729342,0.9439475310746313,0.3396606697169205,0.0005810407896698682,0.0016147645976498867,0.07500317959518499,,0.125,0.2,1. mV,-300. uV
,0.0,0.0,6.069708517540586,0.0,0.0,,,0.125,0.25,0.5 mV,-0.475 mV
,0.0,0.0,6.069708517540586,0.0,0.0,,,0.125,0.25,0.625 mV,-0.825 mV
,0.0,0.0,6.069708517540586,0.0,0.0,,,0.125,0.25,0.5 mV,-0.825 mV
,0.0,0.0,6.069708517540586,0.0,0.0,,,0.125,0.25,0.5 mV,-300. uV
,0.0,0.0,6.069708517540586,0.0,0.0,,,0.125,0.25,0.5 mV,-0.65 mV
,0.0,0.0,6.069708517540586,0.0,0.0,,,0.125,0.25,0.625 mV,-0.65 mV
,0.0,0.0,6.069708517540586,0.0,0.0,,,0.125,0.25,0.5 mV,-1. mV
0.11877205383970754,0.0029795403793650994,0.9750190435994396,0.22493672897934586,0.0030558791321724913,0.013246126556942538,0.23041212957733456,,0.125,0.2,0.75 mV,-300. uV
,0.0,0.0,6.069708517540586,0.0,0.0,,,0.125,0.25,0.625 mV,-1. mV
,0.0,0.0,6.069708517540586,0.0,0.0,,,0.125,0.25,0.75 mV,-1. mV
,0.0,0.0,6.069708517540586,0.0,0.0,,,0.125,0.25,0.625 mV,-0.475 mV
,0.0,0.0,6.069708517540586,0.0,0.0,,,0.125,0.25,0.625 mV,-300. uV
,0.0,0.0,6.069708517540586,0.0,0.0,,,0.125,0.25,0.75 mV,-0.825 mV
,0.0,0.0,6.069708517540586,0.0,0.0,,,0.125,0.25,0.75 mV,-0.475 mV
0.24489301888425352,0.0012529437794702464,0.9909013624726565,0.13520556823878735,0.0012644485256324749,0.009266953985633307,0.4853205870588742,,0.125,0.25,0.75 mV,-300. uV
,0.0,0.0,6.069708517540586,0.0,0.0,,,0.125,0.25,0.875 mV,-1. mV
,0.0,0.0,6.069708517540586,0.0,0.0,,,0.125,0.25,0.875 mV,-0.825 mV
,0.0,0.0,6.069708517540586,0.0,0.0,,,0.125,0.25,0.875 mV,-0.65 mV
0.15276526520969527,0.004490320473919319,0.9804675608591805,0.19862380510997227,0.004579774596710491,0.02260716167144798,0.29373980099278507,,0.125,0.25,0.875 mV,-300. uV
,0.0,1.0,,0.0,,0.940918204969816,,0.125,0.25,0.875 mV,-0.475 mV
,0.0,0.0,6.069708517540586,0.0,0.0,,,0.125,0.25,1. mV,-1. mV
0.09623108614316667,0.005734360506620011,0.9689939028901539,0.2509858520244043,0.005917849875358364,0.02284734561875797,0.17977252411361513,,0.125,0.25,1. mV,-300. uV
,0.0,0.0,6.069708517540586,0.0,0.0,,,0.125,0.25,1. mV,-0.65 mV
0.3165834666014493,0.0012207705248917123,0.9956396590582287,0.09348652211943752,0.0012261167999125966,0.013058251576971353,0.6272079624921625,,0.125,0.25,1. mV,-0.475 mV
,0.0,0.0,6.069708517540586,0.0,0.0,,,0.125,0.25,1. mV,-0.825 mV
,0.0,0.0,6.069708517540586,0.0,0.0,,,0.125,0.3,0.5 mV,-0.825 mV
,0.0,0.0,6.069708517540586,0.0,0.0,,,0.125,0.3,0.5 mV,-1. mV
,0.0,0.0,6.069708517540586,0.0,0.0,,,0.125,0.3,0.5 mV,-0.65 mV
,0.0,0.0,6.069708517540586,0.0,0.0,,,0.125,0.3,0.625 mV,-0.825 mV
,0.0,0.0,6.069708517540586,0.0,0.0,,,0.125,0.3,0.5 mV,-300. uV
,0.0,0.0,6.069708517540586,0.0,0.0,,,0.125,0.3,0.625 mV,-1. mV
,0.0,0.0,6.069708517540586,0.0,0.0,,,0.125,0.3,0.625 mV,-0.65 mV
,0.0,0.0,6.069708517540586,0.0,0.0,,,0.125,0.3,0.625 mV,-0.475 mV
,0.0,0.0,6.069708517540586,0.0,0.0,,,0.125,0.3,0.625 mV,-300. uV
,0.0,0.0,6.069708517540586,0.0,0.0,,,0.125,0.3,0.75 mV,-1. mV
,0.0,0.0,6.069708517540586,0.0,0.0,,,0.125,0.3,0.75 mV,-0.65 mV
,0.0,0.0,6.069708517540586,0.0,0.0,,,0.125,0.3,0.75 mV,-0.825 mV
,0.0,0.0,6.069708517540586,0.0,0.0,,,0.125,0.3,0.75 mV,-0.475 mV
0.4378512601429949,1.0886153279216751e-16,0.9994518139018297,0.03311574856827424,1.0892124081296422e-16,3.2873040018325216e-15,0.8757025202859885,,0.125,0.3,0.875 mV,-0.475 mV
,0.0,0.0,6.069708517540586,0.0,0.0,,,0.125,0.3,0.875 mV,-0.65 mV
0.31521361178566976,0.0006167407733999596,0.9956039227792443,0.0938696791999834,0.0006194639786911225,0.006570180900331325,0.6274274728239924,,0.125,0.3,0.75 mV,-300. uV
,0.0,0.0,6.069708517540586,0.0,0.0,,,0.125,0.3,0.875 mV,-1. mV
,0.0,0.0,6.069708517540586,0.0,0.0,,,0.125,0.3,0.875 mV,-0.825 mV
,0.0,0.0,6.069708517540586,0.0,0.0,,,0.125,0.3,0.5 mV,-0.475 mV
,0.0,0.0,6.069708517540586,0.0,0.0,,,0.125,0.3,1. mV,-0.65 mV
,0.0,0.0,6.069708517540586,0.0,0.0,,,0.16250000000000003,0.1,0.5 mV,-1. mV
,0.0,0.0,6.069708517540586,0.0,0.0,,,0.125,0.3,1. mV,-1. mV
0.369247249055144,0.00231218184610059,0.9976861283784981,0.06806677215676557,0.00231754432296563,0.03396931825671666,0.723516244213822,,0.125,0.3,1. mV,-0.475 mV
0.232003747985526,2.565435213481283e-16,0.9902756383902982,0.13979944128088567,2.5906273850633616e-16,1.8350825940189554e-15,0.4640074959710511,,0.125,0.3,0.875 mV,-300. uV
,0.0,0.0,6.069708517540586,0.0,0.0,,,0.125,0.25,0.75 mV,-0.65 mV
0.17702442722446868,0.0009358110272782593,0.9842418234385516,0.1782338151739926,0.0009507937942537006,0.005250468472353109,0.3513781907834439,,0.125,0.3,1. mV,-300. uV
,0.0,0.0,6.069708517540586,0.0,0.0,,,0.16250000000000003,0.1,0.5 mV,-0.825 mV
0.22535501227935958,0.00618028797210428,0.988094433391617,0.15477076807590404,0.006254754303536562,0.03993188151055301,0.430984419372376,,0.16250000000000003,0.1,0.5 mV,-0.65 mV
0.02776838819152707,0.0031229366454355386,0.9423144285285925,0.34472093421083433,0.0033141131216369232,0.009059318235444104,0.04992458121589435,,0.16250000000000003,0.1,0.5 mV,-0.475 mV
0.026188529089815157,0.0010959453925537975,0.9165625092599494,0.4174326264132339,0.0011957126431906525,0.002625442582125518,0.050609453560865714,,0.16250000000000003,0.1,0.5 mV,-300. uV
,0.0,0.0,6.069708517540586,0.0,0.0,,,0.16250000000000003,0.1,0.625 mV,-1. mV
0.10155204265017768,0.0024581949626093047,0.9711845883535563,0.24182107918903192,0.002531130504722448,0.010165346093289616,0.19751926856020605,,0.16250000000000003,0.1,0.625 mV,-0.825 mV
0.05707000330918066,0.005013342675543556,0.879368989101835,0.5070516249571702,0.005701068244006845,0.009887243090813534,0.1067644684356318,,0.16250000000000003,0.1,0.625 mV,-300. uV
0.04410274812352814,0.003700850963091615,0.9526047568472646,0.3116253731299753,0.0038849805206622365,0.011875961594269903,0.08112412329695098,,0.16250000000000003,0.1,0.75 mV,-1. mV
0.017334560885519643,0.0005049967774021544,0.9296399756812835,0.38198921438374983,0.0005432175736632813,0.0013220184193337722,0.03381438385910781,,0.16250000000000003,0.1,0.625 mV,-0.65 mV
0.025498278392539524,0.0007539613796476457,0.902263950990035,0.4535375663638486,0.0008356328217081173,0.0016624011671015216,0.04983021662521357,,0.16250000000000003,0.1,0.625 mV,-0.475 mV
0.046760546846698274,0.0028783776116048936,0.8896843651042504,0.48350494075663397,0.003235279490288468,0.005953150358919886,0.08919866585565552,,0.16250000000000003,0.1,0.75 mV,-0.65 mV
0.014185263539772352,0.0005814642654546897,0.9157596288670874,0.41952676130426403,0.0006349529295416817,0.0013860004154370967,0.027435155155644857,,0.16250000000000003,0.1,0.75 mV,-0.825 mV
0.08205822310343748,0.00043685539560622426,0.8655099522709921,0.5374688716739782,0.000504737570506952,0.0008128012962790061,0.16348848314605918,,0.16250000000000003,0.1,0.75 mV,-0.475 mV
0.1309716242967601,0.0016191032981043413,0.8401067241736317,0.5902987899773602,0.0019272590401229993,0.0027428538319830185,0.2596897516366532,,0.16250000000000003,0.1,0.75 mV,-300. uV
0.022529925428209006,0.0006776949182424731,0.9030457167232168,0.45162393243181287,0.0007504547092001093,0.001500573529381756,0.044009348619145246,,0.16250000000000003,0.1,0.875 mV,-1. mV
0.05985878342995662,0.004643666985918988,0.8765074863940756,0.5134394258558356,0.0052979204456583525,0.009044235312040188,0.11292112046770215,,0.16250000000000003,0.1,0.875 mV,-0.825 mV
0.15176113743454273,0.004345738941786544,0.82569956135777,0.6189091802272089,0.00526309942808916,0.00702161008532976,0.29755577117810006,,0.16250000000000003,0.1,0.875 mV,-0.475 mV
,0.0,0.0,6.069708517540586,0.0,0.0,,,0.125,0.3,1. mV,-0.825 mV
0.10216855723228614,0.0010758337154217618,0.8487066112797741,0.5727856673557007,0.0012676155557729716,0.0018782483164922971,0.20282524580451158,,0.16250000000000003,0.1,0.875 mV,-0.65 mV
0.21186631582500007,0.0003526267730530485,0.7979113003327964,0.6719491463536023,0.0004419373036659592,0.0005247819347142744,0.42325755649391483,,0.16250000000000003,0.1,0.875 mV,-300. uV
0.13382339377216,0.0008912649151484087,0.8347680206064174,0.6010014981411645,0.0010676797415216644,0.00148296621207268,0.2664129932145779,,0.16250000000000003,0.1,1. mV,-0.825 mV
0.18557301976346258,0.0016883318862755483,0.8082428095428218,0.6525224078477871,0.0020888919090311796,0.002587392963015889,0.3688577471963001,,0.16250000000000003,0.1,1. mV,-0.65 mV
0.2521775076099305,0.0045552672855329315,0.7825237766167833,0.7003298634179963,0.005821250885199905,0.006504459574664877,0.49826048085887514,,0.16250000000000003,0.1,1. mV,-0.475 mV
0.3162907481847999,0.004980947330245568,0.7546895076032748,0.7502650855210423,0.006599995380966657,0.006638916599439533,0.625965932501244,,0.16250000000000003,0.1,1. mV,-300. uV
,0.0,0.0,6.069708517540586,0.0,0.0,,,0.16250000000000003,0.15,0.5 mV,-1. mV
,0.0,0.0,6.069708517540586,0.0,0.0,,,0.16250000000000003,0.15,0.5 mV,-0.475 mV
,0.0,0.0,6.069708517540586,0.0,0.0,,,0.16250000000000003,0.15,0.5 mV,-0.65 mV
0.04284365069541354,0.002150726878439741,0.9523480252723253,0.3124891285494693,0.002258341277330128,0.0068825654461104405,0.08157927044598483,,0.16250000000000003,0.15,0.5 mV,-300. uV
,0.0,0.0,6.069708517540586,0.0,0.0,,,0.16250000000000003,0.15,0.5 mV,-0.825 mV
,0.0,0.0,6.069708517540586,0.0,0.0,,,0.16250000000000003,0.15,0.625 mV,-1. mV
,0.0,0.0,6.069708517540586,0.0,0.0,,,0.16250000000000003,0.15,0.625 mV,-0.825 mV
,0.0,0.0,6.069708517540586,0.0,0.0,,,0.16250000000000003,0.15,0.625 mV,-0.65 mV
,0.0,0.0,6.069708517540586,0.0,0.0,,,0.16250000000000003,0.15,0.75 mV,-0.825 mV
0.0719152952037369,0.003198854179690472,0.9637935042834915,0.2715813105364944,0.0033190243888169147,0.011778624137910322,0.13712772611901952,,0.16250000000000003,0.15,0.625 mV,-0.475 mV
0.02020452486654097,0.000580670687397018,0.9164989089095716,0.41759882971320583,0.0006335748743576109,0.0013904988378339207,0.039472705273333804,,0.16250000000000003,0.15,0.625 mV,-300. uV
,0.0,0.0,6.069708517540586,0.0,0.0,,,0.16250000000000003,0.15,0.75 mV,-1. mV
0.11708918952831646,0.0031012807877389657,0.9747519879417431,0.2261512831046913,0.0031816100857321003,0.013713301756078485,0.22678409230276225,,0.16250000000000003,0.15,0.75 mV,-0.65 mV
0.020336240889571543,0.0011384620443036378,0.9250489143984945,0.3947370051737956,0.0012307046841267487,0.002884102654126368,0.03878041790701649,,0.16250000000000003,0.15,0.75 mV,-0.475 mV
,0.0,0.0,6.069708517540586,0.0,0.0,,,0.16250000000000003,0.15,0.875 mV,-1. mV
0.022010445294101958,0.002444883134055547,0.9326827130821315,0.3733368371159393,0.0026213449370823738,0.00654873264835715,0.03982859056661163,,0.16250000000000003,0.15,0.875 mV,-0.65 mV
0.2784746619229733,0.0033436747872700474,0.9927030515424571,0.12102637179681258,0.0033682527200779074,0.027627654515526907,0.5438773104076892,,0.16250000000000003,0.15,0.875 mV,-0.825 mV
0.08321268140002253,0.005215741051691808,0.8603116983394881,0.5485626743531454,0.006062617771131881,0.009508013023018947,0.15898458692815834,,0.16250000000000003,0.1,1. mV,-1. mV
0.05619456032977333,0.003115216484689819,0.8877432650955368,0.4880013983810042,0.003509141180883141,0.0063836220449877325,0.10773018713302168,,0.16250000000000003,0.15,0.875 mV,-0.475 mV
0.028715007514587984,0.0014188739359673739,0.9432731836411938,0.34175819337377106,0.0015042025423093821,0.004151689596555166,0.05486681766516827,,0.16250000000000003,0.15,1. mV,-0.825 mV
0.032391075325153305,0.000325487250444723,0.8966223564051676,0.46716271634399337,0.00036301486851114434,0.0006967320786897981,0.06428564889772401,,0.16250000000000003,0.15,1. mV,-0.65 mV
0.12564416318744934,0.001830376688963517,0.8404081611809611,0.5896907445299802,0.0021779615569318287,0.0031039603486102533,0.2487399653012955,,0.16250000000000003,0.15,0.875 mV,-300. uV
,0.0,0.0,6.069708517540586,0.0,0.0,,,0.16250000000000003,0.15,1. mV,-1. mV
0.21089702196198146,0.0003012756086481775,0.8019855034510482,0.6643263269017405,0.0003756621579755839,0.000453505448223398,0.4213872444498882,,0.16250000000000003,0.15,1. mV,-300. uV
0.11188342332622035,0.0004903877118926769,0.8501151069174491,0.569883333674934,0.0005768485963063944,0.0008605054454398168,0.22307653531648095,,0.16250000000000003,0.15,1. mV,-0.475 mV
,0.0,0.0,6.069708517540586,0.0,0.0,,,0.16250000000000003,0.2,0.5 mV,-1. mV
,0.0,0.0,6.069708517540586,0.0,0.0,,,0.16250000000000003,0.2,0.5 mV,-0.825 mV
,0.0,0.0,6.069708517540586,0.0,0.0,,,0.16250000000000003,0.2,0.5 mV,-0.65 mV
0.1970475814944385,0.003186839553663613,0.9859940660183194,0.16795792623488184,0.0032321082156323245,0.018974034897328733,0.3845662841005661,,0.16250000000000003,0.2,0.5 mV,-300. uV
,0.0,0.0,6.069708517540586,0.0,0.0,,,0.16250000000000003,0.2,0.5 mV,-0.475 mV
,0.0,0.0,6.069708517540586,0.0,0.0,,,0.16250000000000003,0.2,0.625 mV,-1. mV
,0.0,0.0,6.069708517540586,0.0,0.0,,,0.16250000000000003,0.2,0.625 mV,-0.825 mV
,0.0,0.0,6.069708517540586,0.0,0.0,,,0.16250000000000003,0.2,0.625 mV,-0.65 mV
,0.0,0.0,6.069708517540586,0.0,0.0,,,0.16250000000000003,0.2,0.625 mV,-0.475 mV
0.050269559935767365,0.002384285634022073,0.9552221693618675,0.30269230916369516,0.0024960534685395243,0.007876928358733614,0.09589071644691757,,0.16250000000000003,0.2,0.625 mV,-300. uV
,0.0,0.0,6.069708517540586,0.0,0.0,,,0.16250000000000003,0.2,0.75 mV,-1. mV
,0.0,0.0,6.069708517540586,0.0,0.0,,,0.16250000000000003,0.2,0.75 mV,-0.825 mV
0.06489356544625717,0.0012035440005667614,0.8802510460188933,0.5050705322369213,0.0013672735662596345,0.002382922629115484,0.12801359770111237,,0.16250000000000003,0.15,0.75 mV,-300. uV
,0.0,0.0,6.069708517540586,0.0,0.0,,,0.16250000000000003,0.2,0.75 mV,-0.65 mV
0.024184873679436045,0.0006710385602178942,0.92488189706925,0.39519417418077446,0.000725539720356591,0.0016979970962601783,0.04725522468815407,,0.16250000000000003,0.2,0.75 mV,-300. uV
,0.0,0.0,6.069708517540586,0.0,0.0,,,0.16250000000000003,0.2,0.875 mV,-1. mV
,0.0,0.0,6.069708517540586,0.0,0.0,,,0.16250000000000003,0.2,0.875 mV,-0.825 mV
0.05349476731771726,0.003070762257816581,0.8912076931658661,0.47995367746940565,0.003445619070513206,0.006398038814927769,0.1023629476671555,,0.16250000000000003,0.2,0.875 mV,-300. uV
0.045002539995607625,0.0028047336662762818,0.951538139840964,0.3151999321996804,0.002947578787823749,0.008898268621769474,0.08467722526981321,,0.16250000000000003,0.2,0.875 mV,-0.475 mV
,0.0,1.0,,0.0,,0.940918204969816,,0.16250000000000003,0.2,0.875 mV,-0.65 mV
,0.0,0.0,6.069708517540586,0.0,0.0,,,0.16250000000000003,0.2,1. mV,-1. mV
,0.0,0.0,6.069708517540586,0.0,0.0,,,0.16250000000000003,0.2,1. mV,-0.825 mV
0.11264198863819595,0.0057846203750533485,0.8554108320270569,0.5588799664793617,0.006762388423024429,0.010350380621966637,0.2170863919737906,,0.16250000000000003,0.2,1. mV,-300. uV
0.11886854942514034,0.0017759685237847451,0.9752903843525987,0.223696276090084,0.0018209638217175708,0.007939195747136849,0.2334688422583954,,0.16250000000000003,0.2,1. mV,-0.65 mV
0.03342533618916728,0.0008536568964403135,0.9223280753313633,0.40213002324751096,0.0009255458117526818,0.002122838005345569,0.06544620968914472,,0.16250000000000003,0.2,1. mV,-0.475 mV
,0.0,0.0,6.069708517540586,0.0,0.0,,,0.16250000000000003,0.25,0.5 mV,-1. mV
,0.0,0.0,6.069708517540586,0.0,0.0,,,0.16250000000000003,0.25,0.5 mV,-0.825 mV
,0.0,0.0,6.069708517540586,0.0,0.0,,,0.16250000000000003,0.25,0.5 mV,-0.65 mV
,0.0,0.0,6.069708517540586,0.0,0.0,,,0.16250000000000003,0.25,0.5 mV,-0.475 mV
,0.0,0.0,6.069708517540586,0.0,0.0,,,0.16250000000000003,0.25,0.5 mV,-300. uV
,0.0,0.0,6.069708517540586,0.0,0.0,,,0.16250000000000003,0.25,0.625 mV,-1. mV
,0.0,0.0,6.069708517540586,0.0,0.0,,,0.16250000000000003,0.25,0.625 mV,-0.825 mV
,0.0,0.0,6.069708517540586,0.0,0.0,,,0.16250000000000003,0.25,0.625 mV,-0.65 mV
0.16623578802968408,0.003999611236430802,0.9823584349894277,0.18867443899666467,0.004071437729100854,0.02119847954868707,0.3215493216024328,,0.16250000000000003,0.25,0.625 mV,-300. uV
,0.0,0.0,6.069708517540586,0.0,0.0,,,0.16250000000000003,0.25,0.75 mV,-1. mV
,0.0,0.0,6.069708517540586,0.0,0.0,,,0.16250000000000003,0.25,0.75 mV,-0.825 mV
,0.0,0.0,6.069708517540586,0.0,0.0,,,0.16250000000000003,0.25,0.75 mV,-0.65 mV
0.14043991557812896,0.000835081264921899,0.9792622142394485,0.20472334135055464,0.0008527657293943624,0.004079072075577163,0.27873654288839045,,0.16250000000000003,0.2,0.75 mV,-0.475 mV
0.38051282578028567,2.2246655733618783e-16,0.9981032995870973,0.061619662573088756,2.2288930935237496e-16,3.6103176818327135e-15,0.7610256515605698,,0.16250000000000003,0.25,0.75 mV,-0.475 mV
,0.0,0.0,6.069708517540586,0.0,0.0,,,0.16250000000000003,0.25,0.875 mV,-1. mV
0.06364311563668094,0.0013346475443670404,0.9604013544950403,0.2842674581412017,0.001389676851478414,0.004695041610088526,0.12457440851843944,,0.16250000000000003,0.25,0.75 mV,-300. uV
,0.0,0.0,6.069708517540586,0.0,0.0,,,0.16250000000000003,0.25,0.875 mV,-0.825 mV
,0.0,0.0,6.069708517540586,0.0,0.0,,,0.16250000000000003,0.25,0.875 mV,-0.65 mV
0.1925477385053503,0.0024457739833392152,0.9860551357605111,0.16758876561548353,0.002480362273707189,0.014593901771141456,0.3777696989380197,,0.16250000000000003,0.25,0.875 mV,-0.475 mV
0.032408138936039985,0.003332327800132432,0.9343359793652135,0.36856254228233426,0.0035665197938018105,0.009041417447082102,0.05905979901696604,,0.16250000000000003,0.25,0.875 mV,-300. uV
,0.0,0.0,6.069708517540586,0.0,0.0,,,0.16250000000000003,0.25,1. mV,-0.825 mV
0.35514467590097476,0.005238815313870399,0.9967276278950353,0.0809657704356241,0.005256014897845237,0.06470407538498979,0.6812541127092465,,0.16250000000000003,0.25,1. mV,-0.65 mV
,0.0,0.0,6.069708517540586,0.0,0.0,,,0.16250000000000003,0.25,1. mV,-1. mV
0.09820407052451148,0.002033712458314857,0.970840512841896,0.24328199399597641,0.00209479560284697,0.008359486145729685,0.1918074692290229,,0.16250000000000003,0.25,1. mV,-0.475 mV
0.0417761458028813,0.002122973342951151,0.9073291529947709,0.44102149767991267,0.0023398050338688235,0.0048137638507861945,0.08022290304512682,,0.16250000000000003,0.25,1. mV,-300. uV
,0.0,0.0,6.069708517540586,0.0,0.0,,,0.16250000000000003,0.3,0.5 mV,-1. mV
,0.0,0.0,6.069708517540586,0.0,0.0,,,0.16250000000000003,0.3,0.5 mV,-0.65 mV
,0.0,0.0,6.069708517540586,0.0,0.0,,,0.16250000000000003,0.3,0.5 mV,-0.825 mV
,0.0,0.0,6.069708517540586,0.0,0.0,,,0.16250000000000003,0.3,0.5 mV,-0.475 mV
,0.0,0.0,6.069708517540586,0.0,0.0,,,0.16250000000000003,0.3,0.625 mV,-0.65 mV
,0.0,0.0,6.069708517540586,0.0,0.0,,,0.16250000000000003,0.3,0.5 mV,-300. uV
0.267135085141442,0.0008999267286308352,0.992753922203698,0.12060222268474105,0.0009064952547034425,0.007461941484969801,0.530741496536074,,0.16250000000000003,0.3,0.625 mV,-300. uV
,0.0,0.0,6.069708517540586,0.0,0.0,,,0.16250000000000003,0.3,0.625 mV,-1. mV
,0.0,0.0,6.069708517540586,0.0,0.0,,,0.16250000000000003,0.3,0.625 mV,-0.825 mV
,0.0,0.0,6.069708517540586,0.0,0.0,,,0.16250000000000003,0.25,0.625 mV,-0.475 mV
,0.0,0.0,6.069708517540586,0.0,0.0,,,0.16250000000000003,0.3,0.75 mV,-0.825 mV
,0.0,0.0,6.069708517540586,0.0,0.0,,,0.16250000000000003,0.3,0.75 mV,-1. mV
0.44931888254562213,7.774605408521603e-17,0.9996084385013069,0.027986717385107607,7.777650759332731e-17,2.7779625961630833e-15,0.8986377650912432,,0.16250000000000003,0.3,0.75 mV,-0.475 mV
0.1476227904874146,0.0007387398327529882,0.9806308151153885,0.19778379764574128,0.0007533312372329947,0.003735087714698327,0.2932995471466101,,0.16250000000000003,0.3,0.75 mV,-300. uV
,0.0,0.0,6.069708517540586,0.0,0.0,,,0.16250000000000003,0.3,0.75 mV,-0.65 mV
,0.0,0.0,6.069708517540586,0.0,0.0,,,0.16250000000000003,0.3,0.875 mV,-1. mV
,0.0,0.0,6.069708517540586,0.0,0.0,,,0.16250000000000003,0.3,0.875 mV,-0.825 mV
,0.0,0.0,6.069708517540586,0.0,0.0,,,0.16250000000000003,0.3,0.875 mV,-0.65 mV
0.3186809162084045,0.00448667157691346,0.9952784527264908,0.09729048196966453,0.004507956059475615,0.046116243707297264,0.6162105612982047,,0.16250000000000003,0.3,0.875 mV,-0.475 mV
0.07151976179891102,0.0025148045981195095,0.9630327511566189,0.27447348822801826,0.0026113385749194926,0.009162285998385174,0.13780780605351628,,0.16250000000000003,0.3,0.875 mV,-300. uV
,0.0,0.0,6.069708517540586,0.0,0.0,,,0.16250000000000003,0.3,1. mV,-1. mV
0.38672626775793034,2.1097198797854833e-16,0.998356085651199,0.05736300274957558,2.1131937682109042e-16,3.67784073123873e-15,0.7734525355158591,,0.16250000000000003,0.3,1. mV,-0.65 mV
,0.0,0.0,6.069708517540586,0.0,0.0,,,0.2,0.1,0.5 mV,-1. mV
0.04145699583185245,0.002101285043486656,0.9440512706156484,0.3393369759575038,0.0022258166337281336,0.006192325600702609,0.07910157144318698,,0.16250000000000003,0.3,1. mV,-300. uV
,0.0,0.0,6.069708517540586,0.0,0.0,,,0.16250000000000003,0.3,1. mV,-0.825 mV
0.23033682424154636,0.005667250943566888,0.9891505432488389,0.14770735385050635,0.005729411892813436,0.038368102845459384,0.4418887602092209,,0.16250000000000003,0.3,1. mV,-0.475 mV
0.01271511886985569,0.0006166175720007877,0.9079951943912153,0.43935448535837895,0.0006790978289518743,0.001403462562804648,0.024461394017218398,,0.2,0.1,0.5 mV,-0.65 mV
0.09315031033879473,0.008118321534020092,0.8515671622083165,0.5668807547898856,0.009533389495237762,0.014321039240482149,0.17485217128425395,,0.2,0.1,0.5 mV,-300. uV
0.08188825171542077,0.0014727862890056254,0.966530976120166,0.26092880528216433,0.0015237859004579477,0.005644399005364614,0.16060447228842092,,0.2,0.1,0.5 mV,-0.825 mV
0.04741749175650309,0.002108649446045087,0.8801569499543217,0.5052821465880648,0.0023957652350491227,0.004173211858530556,0.09172823962856448,,0.2,0.1,0.5 mV,-0.475 mV
,0.0,0.0,6.069708517540586,0.0,0.0,,,0.16250000000000003,0.3,0.625 mV,-0.475 mV
0.21235518661810146,0.00045004851100854075,0.7872619717243705,0.6916562721425652,0.0005716629552246152,0.0006506823246385252,0.42410710253321277,,0.2,0.1,0.625 mV,-300. uV
0.041541097399460214,0.00035153898716452003,0.8775593787851919,0.5110981244438054,0.0004005871188400782,0.0006878111469242366,0.08256671806884669,,0.2,0.1,0.625 mV,-0.825 mV
0.14664258392342122,0.0010135071316558788,0.8185621758417443,0.632781020077594,0.0012381553279469763,0.0016016711935064026,0.2919016061726717,,0.2,0.1,0.625 mV,-0.475 mV
0.08375828187883348,0.0008900899061995747,0.8473303068295069,0.5756121539784095,0.001050463896453113,0.0015463361919091114,0.16626775094303145,,0.2,0.1,0.625 mV,-0.65 mV
0.08564910652177178,0.002457248489783886,0.8443091745911596,0.5817843569838399,0.0029103656985251924,0.0042236413892650275,0.16786253706872242,,0.2,0.1,0.75 mV,-1. mV
0.15510109328258717,0.005732556613723528,0.811778069086299,0.6457991604082659,0.007061728767270775,0.00887668638358012,0.30241447475137984,,0.2,0.1,0.75 mV,-0.825 mV
0.21898236949799665,6.874027622387526e-05,0.7820833426835818,0.701133304026562,8.789379800504007e-05,9.804166458661201e-05,0.43787278605135566,,0.2,0.1,0.75 mV,-0.65 mV
0.3021362997056725,0.004294535450762886,0.7528365118547092,0.7535345741277931,0.005704472785383402,0.0056991883295252335,0.5985702404083049,,0.2,0.1,0.75 mV,-0.475 mV
0.38036502247122145,0.0014654136195323272,0.7227088291484609,0.8059142014360446,0.0020276680457637208,0.0018183246019503464,0.7587861142742045,,0.2,0.1,0.75 mV,-300. uV
0.22642470569332124,0.001249069710060045,0.7775353622610031,0.7094027644351982,0.0016064474422917408,0.0017607342016132555,0.45118124924062214,,0.2,0.1,0.875 mV,-1. mV
0.45057700570028447,0.0035834259858232883,0.6823280326012416,0.8743508859730529,0.0052517641985842765,0.00409838434810453,0.8963635991421766,,0.2,0.1,0.875 mV,-0.475 mV
0.2947906022694736,0.004055502627390347,0.7460306943358589,0.7654913729079021,0.005436106857023651,0.005297907685078866,0.5842003773507015,,0.2,0.1,0.875 mV,-0.825 mV
0.5552563803521554,0.0038524756163566707,0.6398417256666109,0.9450231967841468,0.006020982067296717,0.0040765937063411755,1.1052695339813963,,0.2,0.1,1. mV,-0.65 mV
0.6213745331865382,0.003338687243876905,0.6043235645793457,1.003638884252257,0.005524668214707461,0.003326582196308918,1.2381036325657284,,0.2,0.1,1. mV,-0.475 mV
0.36862457494723067,0.002638227998890684,0.7161352056237146,0.8171735203916944,0.0036839802614551382,0.0032284795493937525,0.7337473699178307,,0.2,0.1,0.875 mV,-0.65 mV
0.5429127482457744,0.003566573003531371,0.6517940017730672,0.9252315384120656,0.005471932756530343,0.003854789699076324,1.081000420958,,0.2,0.1,0.875 mV,-300. uV
0.4785273866935785,0.0004843879527628463,0.6742139685856907,0.887927635348888,0.0007184483979091541,0.0005455263846726865,0.9564054937945425,,0.2,0.1,1. mV,-0.825 mV
0.3628538977484083,0.0004749222831240363,0.7062282007427514,0.8340465802856363,0.0006724770773806288,0.0005694193757876082,0.7250765415000732,,0.2,0.1,1. mV,-1. mV
,0.0,0.0,6.069708517540586,0.0,0.0,,,0.2,0.15,0.5 mV,-1. mV
0.721393820766798,0.0011133114361479564,0.5702792342117561,1.0598387952802268,0.001952221560661537,0.0010504535605847408,1.4411961271729652,,0.2,0.1,1. mV,-300. uV
0.0130815237683902,0.0010848714256876584,0.9125954143446772,0.42769761366818854,0.0011887758767437282,0.0025365384117604895,0.024435166646029967,,0.2,0.1,0.625 mV,-1. mV
,0.0,0.0,6.069708517540586,0.0,0.0,,,0.2,0.15,0.5 mV,-0.65 mV
0.03677815835154714,2.4735449755153657e-16,0.9509192245887215,0.3172574565521622,2.601214578002715e-16,7.796648823945531e-16,0.0735563167030938,,0.2,0.15,0.5 mV,-0.475 mV
0.03509592856997067,0.0024617692894673623,0.8942841731546729,0.4727191049072046,0.002752781873859421,0.005207678860262292,0.06645711647152078,,0.2,0.15,0.5 mV,-300. uV
,0.0,0.0,6.069708517540586,0.0,0.0,,,0.2,0.15,0.625 mV,-1. mV
,0.0,0.0,6.069708517540586,0.0,0.0,,,0.2,0.15,0.625 mV,-0.825 mV
0.03628053848240869,0.0009719529507296645,0.9485699037531431,0.32496086692164516,0.0010246508313593915,0.0029909846066604154,0.07074989262333758,,0.2,0.15,0.625 mV,-0.65 mV
0.12030538578432737,0.002779063843808371,0.8358734551961998,0.5987955156377498,0.003324742272032833,0.00464108994010838,0.2367594902293917,,0.2,0.15,0.625 mV,-300. uV
0.04139938545307361,0.004595950350175453,0.8813411478612739,0.5026141435746874,0.005214723389667082,0.00914409275769317,0.07601229976926971,,0.2,0.15,0.75 mV,-0.65 mV
0.036941698827013196,0.0006958752673353158,0.8861479000800846,0.4916734707314944,0.0007852811696779004,0.0014153199404881803,0.07284610097602438,,0.2,0.15,0.625 mV,-0.475 mV
,0.0,0.0,6.069708517540586,0.0,0.0,,,0.2,0.15,0.75 mV,-1. mV
0.032911186278670464,0.002248494818673818,0.9455018030595896,0.3347819389348019,0.0023780967816421396,0.00671629666112815,0.061708995823904385,,0.2,0.15,0.75 mV,-0.825 mV
0.027697633194744654,0.003340055232676016,0.9409801251042889,0.3488072534494664,0.003549549143570217,0.009575647294157854,0.049435277985684034,,0.2,0.15,0.875 mV,-1. mV
0.2708217020727402,0.0009075041770244728,0.771270270909557,0.7207168763852557,0.001176635739100767,0.0012591687620470966,0.540433755197201,,0.2,0.15,0.75 mV,-300. uV
0.13920912588320017,0.00045235434729627445,0.8189462637029223,0.6320392347871533,0.0005523614452153532,0.0007157061182263631,0.2778005524519806,,0.2,0.15,0.875 mV,-0.65 mV
0.05132012412206967,0.0018788977025690962,0.8747714855489758,0.517286332070764,0.002147872572585331,0.0036322198869002125,0.09989863674582805,,0.2,0.15,0.875 mV,-0.825 mV
0.13396051366206202,0.002813567870812637,0.8248769793546692,0.6205175381519151,0.003410893875235618,0.004534227798286371,0.26406079987966813,,0.2,0.15,0.75 mV,-0.475 mV
0.05803121698209459,0.0022794898624272676,0.8671445104600182,0.5339468622017929,0.002628731207593866,0.004269132424577836,0.11277754226980173,,0.2,0.15,1. mV,-1. mV
0.4044423990551145,0.002766493614165032,0.7034442804281769,0.8387688534037735,0.003932782811388099,0.0032982789035840296,0.8052058168619625,,0.2,0.15,0.875 mV,-300. uV
0.28676365441299745,0.0025838392508952886,0.7604569417390499,0.7400483417902842,0.003397745585711906,0.003491446578536487,0.5700920828431532,,0.2,0.15,0.875 mV,-0.475 mV
0.15573280231764705,0.004796175362944125,0.8104040659614443,0.6484169900502034,0.005918251777366809,0.007396745360686467,0.3049559554245994,,0.2,0.15,1. mV,-0.825 mV
0.4205215028878674,0.00031431437717210225,0.6914546004537754,0.8590201037096717,0.0004545697901498258,0.000365898744179255,0.8406239044039732,,0.2,0.15,1. mV,-0.475 mV
,0.0,0.0,6.069708517540586,0.0,0.0,,,0.2,0.15,0.5 mV,-0.825 mV
0.5805625048735951,0.006211128985482766,0.6283809132970919,0.9639592632895774,0.009884337278880457,0.006443352143623644,1.1526170665224125,,0.2,0.15,1. mV,-300. uV
,0.0,0.0,6.069708517540586,0.0,0.0,,,0.2,0.2,0.5 mV,-1. mV
,0.0,0.0,6.069708517540586,0.0,0.0,,,0.2,0.2,0.5 mV,-0.825 mV
,0.0,0.0,6.069708517540586,0.0,0.0,,,0.2,0.2,0.5 mV,-0.65 mV
,0.0,0.0,6.069708517540586,0.0,0.0,,,0.2,0.2,0.625 mV,-1. mV
,0.0,0.0,6.069708517540586,0.0,0.0,,,0.2,0.2,0.5 mV,-0.475 mV
0.028672877897402107,0.002494086636505311,0.9409884876228096,0.3487817742920335,0.00265049641181167,0.007150851392874167,0.05289511739056754,,0.2,0.2,0.5 mV,-300. uV
,0.0,0.0,6.069708517540586,0.0,0.0,,,0.2,0.2,0.625 mV,-0.825 mV
,0.0,0.0,6.069708517540586,0.0,0.0,,,0.2,0.2,0.625 mV,-0.65 mV
0.04871562860438532,0.0036989701479308466,0.8893949590126637,0.48417735909425413,0.0041589735458444875,0.0076397007800002754,0.09187999276926384,,0.2,0.2,0.625 mV,-300. uV
,0.0,0.0,6.069708517540586,0.0,0.0,,,0.2,0.2,0.75 mV,-1. mV
0.07419806310536185,0.00633161895555886,0.9631602127591643,0.27399088397109084,0.006573796141020729,0.023108867214089203,0.1352083016404756,,0.2,0.2,0.625 mV,-0.475 mV
,0.0,0.0,6.069708517540586,0.0,0.0,,,0.2,0.2,0.75 mV,-0.825 mV
0.23120834959863848,0.005473909682753059,0.9889102959257814,0.14934284820434376,0.005535294404307564,0.036653309807398234,0.4444341986317331,,0.2,0.2,0.75 mV,-0.65 mV
0.025788046754794215,0.0015570349983606065,0.9100996553163265,0.43405336801536226,0.0017108400955398906,0.003587197135411927,0.04911471059809973,,0.2,0.2,0.75 mV,-0.475 mV
0.136230014215602,0.0010604712852981515,0.8317429407350165,0.6070120910498664,0.0012749988254917054,0.0017470348629530564,0.27099621519072775,,0.2,0.2,0.75 mV,-300. uV
,0.0,0.0,6.069708517540586,0.0,0.0,,,0.2,0.2,0.875 mV,-0.825 mV
,0.0,0.0,6.069708517540586,0.0,0.0,,,0.2,0.2,0.875 mV,-1. mV
0.08998234796614112,0.0029659732420580444,0.8555556940657074,0.5585768969323773,0.003466721369471759,0.005309874537143831,0.17576071329574164,,0.2,0.2,0.875 mV,-0.475 mV
0.022305417219431474,0.0030541954964561783,0.9310312520797904,0.3780540258633959,0.0032804435477639528,0.0080787276090528,0.03941107726658346,,0.2,0.2,0.875 mV,-0.65 mV
0.3002117319095982,0.005360641048440277,0.7519801567559025,0.7550434813636995,0.007128700044798356,0.00709977793432282,0.5933063326185882,,0.2,0.15,1. mV,-0.65 mV
,0.0,0.0,6.069708517540586,0.0,0.0,,,0.2,0.2,1. mV,-1. mV
0.03994171656388544,0.00014611397282715327,0.951671416931328,0.3147552812685747,0.00015353405460359246,0.00046421452322662377,0.07960562688571808,,0.2,0.2,1. mV,-0.825 mV
0.05953704249486378,0.002451090374989905,0.8783125148138436,0.5094169174054747,0.0027906813414842373,0.00481156061222627,0.1154750519399465,,0.2,0.2,1. mV,-0.65 mV
0.22005149457471765,0.0021262279189314956,0.7951089401967023,0.6771648683222307,0.0026741340522018864,0.003139896971027925,0.437242549929703,,0.2,0.2,1. mV,-0.475 mV
0.14481766980910743,0.008251035579954557,0.9784916754718492,0.20853292018505296,0.008432402341748805,0.03956706486742024,0.2687490722661975,,0.2,0.25,0.5 mV,-300. uV
,0.0,0.0,6.069708517540586,0.0,0.0,,,0.2,0.25,0.5 mV,-1. mV
0.4375925045402741,0.005553244632063931,0.7004599572520336,0.8438223316048208,0.007927997161422088,0.0065810590974791,0.8677957871447033,,0.2,0.2,1. mV,-300. uV
,0.0,0.0,6.069708517540586,0.0,0.0,,,0.2,0.25,0.5 mV,-0.65 mV
,0.0,0.0,6.069708517540586,0.0,0.0,,,0.2,0.25,0.5 mV,-0.825 mV
,0.0,0.0,6.069708517540586,0.0,0.0,,,0.2,0.25,0.5 mV,-0.475 mV
,0.0,0.0,6.069708517540586,0.0,0.0,,,0.2,0.25,0.625 mV,-1. mV
,0.0,0.0,6.069708517540586,0.0,0.0,,,0.2,0.25,0.625 mV,-0.825 mV
,0.0,0.0,6.069708517540586,0.0,0.0,,,0.2,0.25,0.625 mV,-0.475 mV
,0.0,0.0,6.069708517540586,0.0,0.0,,,0.2,0.25,0.625 mV,-0.65 mV
0.029150248663558614,0.0035089556483788855,0.9383014993876306,0.35688637700719533,0.0037396888028763337,0.009832136709180525,0.05212382936171922,,0.2,0.25,0.625 mV,-300. uV
,0.0,0.0,6.069708517540586,0.0,0.0,,,0.2,0.25,0.75 mV,-0.825 mV
0.10909500180993155,0.003158365388818897,0.973297969782184,0.2326585274137874,0.0032450138132678677,0.01357511123244448,0.2108129508389246,,0.2,0.25,0.75 mV,-0.475 mV
,0.0,0.0,6.069708517540586,0.0,0.0,,,0.2,0.25,0.75 mV,-1. mV
,0.0,0.0,6.069708517540586,0.0,0.0,,,0.2,0.25,0.75 mV,-0.65 mV
0.2725305260690862,0.004871737079763899,0.7671216405386354,0.7281619113010483,0.006350670817781251,0.006690458542467964,0.5385744662305164,,0.2,0.2,0.875 mV,-300. uV
0.052106227325164324,0.0036155218299813094,0.8927188555993415,0.4764106796229894,0.004050011677028881,0.007589086442903579,0.09874681306694989,,0.2,0.25,0.75 mV,-300. uV
,0.0,0.0,6.069708517540586,0.0,0.0,,,0.2,0.25,0.875 mV,-0.825 mV
0.03160818772836789,0.005510223531120698,0.9357004512645302,0.3645816060593441,0.005888875510090095,0.01511382757533791,0.05363751912054656,,0.2,0.25,0.875 mV,-0.475 mV
,0.0,0.0,6.069708517540586,0.0,0.0,,,0.2,0.25,1. mV,-1. mV
0.13344048566878122,0.0022437179734504744,0.8395661388249297,0.5913882143999017,0.0026724731298311847,0.0037939849304018313,0.263759893487503,,0.2,0.25,0.875 mV,-300. uV
0.09318345442926673,0.00399005825743205,0.969154414701708,0.2503250477734243,0.004117051066098298,0.015939508622579212,0.1775208747698428,,0.2,0.25,1. mV,-0.65 mV
0.27758402245545744,0.0006504391060980344,0.9933642612837097,0.1153936137590213,0.0006547840755914058,0.005636699336380598,0.5525204947310078,,0.2,0.25,0.875 mV,-0.65 mV
,0.0,0.0,6.069708517540586,0.0,0.0,,,0.2,0.3,0.5 mV,-1. mV
,0.0,0.0,6.069708517540586,0.0,0.0,,,0.2,0.25,1. mV,-0.825 mV
0.2715026332508462,0.0020222394998601935,0.7800605233093283,0.7048173600343863,0.002592413554472556,0.0028691681200382654,0.5403021511209937,,0.2,0.25,1. mV,-300. uV
,0.0,0.0,6.069708517540586,0.0,0.0,,,0.2,0.3,0.5 mV,-0.65 mV
0.04965645671589936,0.00022713083156386527,0.8943345782644628,0.47259986039503676,0.0002539662834741002,0.00048059860063016344,0.0989682942214622,,0.2,0.25,1. mV,-0.475 mV
,0.0,0.0,6.069708517540586,0.0,0.0,,,0.2,0.3,0.5 mV,-0.825 mV
,0.0,0.0,6.069708517540586,0.0,0.0,,,0.2,0.3,0.5 mV,-0.475 mV
,0.0,0.0,6.069708517540586,0.0,0.0,,,0.2,0.25,0.875 mV,-1. mV
,0.0,0.0,6.069708517540586,0.0,0.0,,,0.2,0.3,0.625 mV,-0.65 mV
,0.0,0.0,6.069708517540586,0.0,0.0,,,0.2,0.3,0.625 mV,-1. mV
0.2936752148762824,0.002185195452423652,0.9942829736644054,0.10708334162969392,0.0021977600827182697,0.020406492916333337,0.5778691765364005,,0.2,0.3,0.5 mV,-300. uV
,0.0,0.0,6.069708517540586,0.0,0.0,,,0.2,0.3,0.75 mV,-1. mV
,0.0,0.0,6.069708517540586,0.0,0.0,,,0.2,0.3,0.75 mV,-0.825 mV
,0.0,0.0,6.069708517540586,0.0,0.0,,,0.2,0.3,0.625 mV,-0.825 mV
0.09674494563906634,0.0013831677122817653,0.97108078459806,0.2422626943355607,0.0014243590440425424,0.0057093714576043,0.19035152726866544,,0.2,0.3,0.625 mV,-300. uV
,0.0,0.0,6.069708517540586,0.0,0.0,,,0.2,0.3,0.75 mV,-0.65 mV
,0.0,0.0,6.069708517540586,0.0,0.0,,,0.2,0.3,0.625 mV,-0.475 mV
0.03576631053206622,0.0062046032775224715,0.937837845504714,0.3582686334401367,0.0066158592779168145,0.01731829889193803,0.06063578594060713,,0.2,0.3,0.75 mV,-300. uV
,0.0,0.0,6.069708517540586,0.0,0.0,,,0.2,0.3,1. mV,-1. mV
,0.0,0.0,6.069708517540586,0.0,0.0,,,0.2,0.3,0.875 mV,-0.825 mV
0.1338756535200866,0.0029754467146158215,0.8548211135705931,0.5601125674923538,0.003480782859210781,0.005312229875392752,0.2635379453744896,,0.2,0.3,1. mV,-300. uV
,0.0,0.0,6.069708517540586,0.0,0.0,,,0.2,0.3,1. mV,-0.825 mV
0.41837270558556666,1.555530406109377e-16,0.9992168770026136,0.0395833245331731,1.5567495168897281e-16,3.929761899624558e-15,0.8367454111711317,,0.2,0.3,0.875 mV,-0.65 mV
0.2744781599147428,0.0018051083636739455,0.9929282760290115,0.11913720705522636,0.0018179644885463597,0.01515150815007089,0.5418049378763294,,0.2,0.3,0.75 mV,-0.475 mV
0.049593933049828995,0.0029104634246468835,0.8982582684137698,0.4632442916499858,0.0032401186769872663,0.006282783138633788,0.09473068163801211,,0.2,0.3,0.875 mV,-300. uV
0.13471142151370147,0.0005124595138832481,0.9784041949001034,0.20896122552911353,0.0005237707598932191,0.0024524143777662215,0.2681276148203605,,0.2,0.3,0.875 mV,-0.475 mV
,0.0,0.0,6.069708517540586,0.0,0.0,,,0.2,0.3,0.875 mV,-1. mV
0.04982727760931407,0.0015195838188350067,0.9541111088525918,0.3065130911790134,0.001592669646971989,0.004957647365043607,0.0967158944844275,,0.2,0.3,1. mV,-0.475 mV
0.2661372798260247,0.00036358819052002877,0.9927100126592027,0.1209684179840238,0.00036625820453194775,0.0030056455774105234,0.530852546498366,,0.2,0.3,1. mV,-0.65 mV
